customer_id,job,marital,balance,housing,duration
265,blue-collar,single,292,yes,148
97,blue-collar,married,391,yes,72
58,student,single,1161,no,119
220,blue-collar,single,3992,yes,194
267,blue-collar,single,1690,yes,163
135,blue-collar,married,204,yes,229
54,blue-collar,single,674,yes,294
70,blue-collar,single,1690,yes,543
137,blue-collar,single,218,no,448
91,blue-collar,single,224,no,17
256,blue-collar,married,300,yes,126
12,blue-collar,married,316,yes,360
226,student,single,548,no,281
227,blue-collar,single,1243,no,1341
146,blue-collar,single,2354,no,98
236,blue-collar,married,4280,no,148
71,student,married,4923,yes,266
84,student,married,4923,yes,78
246,blue-collar,single,428,no,575
201,blue-collar,single,450,no,542
82,unemployed,married,454,yes,28
206,blue-collar,single,535,yes,252
98,blue-collar,married,557,yes,282
260,blue-collar,single,592,yes,174
68,blue-collar,single,658,no,34
105,blue-collar,single,786,yes,103
234,blue-collar,single,856,yes,95
251,blue-collar,married,1028,yes,431
65,blue-collar,married,1128,yes,111
173,blue-collar,married,1702,yes,21
122,blue-collar,single,5005,no,117
11,blue-collar,single,228,yes,186
155,blue-collar,single,294,yes,694
128,blue-collar,married,379,yes,252
262,blue-collar,married,411,yes,123
119,blue-collar,married,417,yes,237
140,blue-collar,single,513,yes,351
102,blue-collar,single,677,no,110
23,unemployed,married,724,yes,200
45,blue-collar,married,1028,yes,580
231,blue-collar,single,1065,yes,313
76,blue-collar,single,1279,yes,450
219,blue-collar,married,1341,yes,254
157,blue-collar,single,2074,no,203
81,blue-collar,married,5505,yes,134
31,blue-collar,married,214,yes,332
78,blue-collar,married,225,yes,866
83,blue-collar,single,352,yes,125
181,blue-collar,married,379,no,164
17,blue-collar,married,417,yes,523
218,blue-collar,married,509,yes,121
136,blue-collar,single,517,no,681
36,blue-collar,single,517,no,91
200,blue-collar,married,519,yes,311
270,student,married,704,yes,171
116,blue-collar,married,723,yes,262
257,unemployed,married,863,yes,355
153,blue-collar,single,1065,yes,406
27,blue-collar,married,1296,yes,764
49,blue-collar,married,1331,yes,267
195,blue-collar,married,2378,yes,800
243,blue-collar,single,4229,yes,205
268,blue-collar,married,210,no,518
213,blue-collar,married,214,yes,372
164,blue-collar,married,247,no,199
108,blue-collar,married,247,no,204
174,blue-collar,married,313,yes,144
61,blue-collar,married,314,yes,357
100,blue-collar,married,321,yes,102
252,unemployed,married,380,no,154
80,blue-collar,single,415,no,161
190,blue-collar,married,424,yes,241
112,blue-collar,single,482,no,1097
131,blue-collar,married,508,yes,262
197,blue-collar,married,580,yes,1311
263,blue-collar,married,602,yes,440
249,blue-collar,married,723,no,235
52,blue-collar,single,734,yes,259
184,blue-collar,married,940,yes,382
35,blue-collar,single,992,yes,456
9,blue-collar,married,1175,yes,141
18,blue-collar,single,1296,yes,275
199,blue-collar,single,1550,yes,228
25,blue-collar,married,2378,yes,239
150,blue-collar,single,8079,no,171
20,blue-collar,single,13654,yes,528
47,blue-collar,married,278,yes,1073
250,blue-collar,married,282,yes,148
269,blue-collar,married,294,yes,50
189,blue-collar,married,313,yes,311
205,blue-collar,married,360,yes,239
177,blue-collar,married,364,yes,331
124,blue-collar,married,399,no,282
239,blue-collar,single,435,yes,128
125,blue-collar,married,501,yes,514
72,blue-collar,married,501,yes,994
51,unemployed,married,529,yes,107
39,blue-collar,married,578,yes,48
169,blue-collar,married,578,yes,71
212,blue-collar,married,579,yes,381
30,blue-collar,single,648,yes,287
8,blue-collar,married,658,yes,212
106,blue-collar,married,664,no,57
89,blue-collar,single,783,no,197
90,blue-collar,married,791,yes,137
261,blue-collar,single,906,yes,218
99,blue-collar,married,913,yes,433
264,blue-collar,married,1131,yes,148
238,blue-collar,married,1131,yes,189
85,blue-collar,married,1177,no,220
87,blue-collar,married,2289,yes,133
207,blue-collar,married,3653,yes,167
222,blue-collar,married,5143,yes,236
147,blue-collar,married,12697,yes,95
93,blue-collar,single,210,yes,166
115,blue-collar,married,212,yes,143
113,blue-collar,married,255,yes,295
77,blue-collar,married,283,yes,37
130,blue-collar,married,286,yes,260
138,blue-collar,married,295,yes,193
221,blue-collar,married,326,no,124
160,blue-collar,single,334,yes,425
86,blue-collar,married,360,yes,89
143,blue-collar,married,369,yes,89
50,blue-collar,single,369,yes,30
209,blue-collar,married,433,no,114
118,blue-collar,single,462,yes,147
103,blue-collar,single,530,no,251
75,blue-collar,married,557,yes,185
110,blue-collar,single,648,yes,153
26,blue-collar,married,652,no,281
172,blue-collar,married,658,yes,268
40,blue-collar,married,664,yes,987
185,blue-collar,single,823,yes,208
145,blue-collar,married,864,yes,127
56,blue-collar,married,982,yes,142
134,blue-collar,married,990,yes,92
159,blue-collar,single,1000,yes,191
245,blue-collar,married,1131,yes,126
79,blue-collar,married,1138,yes,254
63,blue-collar,married,1329,yes,134
117,blue-collar,married,1354,yes,222
48,blue-collar,single,1358,yes,339
120,blue-collar,married,1406,yes,1091
127,blue-collar,married,1495,yes,159
53,blue-collar,married,1545,yes,207
139,blue-collar,married,1570,yes,133
225,blue-collar,married,1766,no,166
111,blue-collar,single,1979,yes,1205
38,unemployed,single,2066,no,162
42,blue-collar,married,2289,yes,79
198,blue-collar,married,3653,yes,252
176,blue-collar,married,257,yes,74
96,blue-collar,single,313,yes,67
196,blue-collar,married,320,yes,22
44,blue-collar,married,322,yes,117
104,blue-collar,single,395,yes,339
28,blue-collar,single,476,yes,503
154,blue-collar,married,501,yes,43
163,blue-collar,married,557,yes,210
73,blue-collar,single,604,no,95
258,blue-collar,single,681,no,589
183,blue-collar,single,799,no,2078
3,blue-collar,married,883,yes,59
107,blue-collar,married,950,yes,219
266,blue-collar,single,1036,yes,62
158,blue-collar,single,1143,yes,412
126,blue-collar,single,1143,yes,132
67,blue-collar,married,1197,yes,241
162,blue-collar,married,1780,yes,238
254,blue-collar,married,1873,yes,23
228,blue-collar,single,1940,yes,299
171,blue-collar,married,2353,yes,334
13,unemployed,married,2400,yes,450
37,blue-collar,single,3658,yes,56
170,blue-collar,single,4339,yes,76
133,blue-collar,single,7712,yes,768
247,blue-collar,married,17332,yes,165
193,blue-collar,married,216,yes,118
255,blue-collar,single,266,yes,100
60,unemployed,married,271,yes,262
248,blue-collar,married,285,no,267
224,unemployed,married,302,yes,670
33,blue-collar,married,320,yes,167
230,blue-collar,married,379,yes,263
223,unemployed,married,438,yes,129
15,blue-collar,single,476,yes,544
55,blue-collar,married,527,yes,81
208,blue-collar,married,540,no,88
109,blue-collar,married,681,yes,357
92,blue-collar,married,686,yes,30
149,blue-collar,married,833,yes,62
191,blue-collar,married,854,yes,93
29,blue-collar,married,870,no,545
241,blue-collar,single,1036,yes,323
179,blue-collar,married,1138,yes,509
187,blue-collar,married,1624,yes,951
235,blue-collar,married,1790,yes,143
74,blue-collar,married,1924,yes,81
121,blue-collar,married,2645,yes,85
59,blue-collar,single,3975,yes,515
259,blue-collar,single,5739,yes,374
62,blue-collar,married,205,yes,309
168,blue-collar,married,241,yes,85
148,blue-collar,married,247,yes,193
244,blue-collar,married,270,yes,159
215,blue-collar,married,277,no,225
66,blue-collar,married,283,no,199
19,blue-collar,married,326,yes,150
192,blue-collar,married,328,yes,18
151,blue-collar,married,406,no,113
175,unemployed,married,438,yes,272
129,blue-collar,married,457,yes,188
233,blue-collar,married,470,yes,217
156,blue-collar,married,516,yes,26
132,blue-collar,married,563,no,150
141,blue-collar,married,563,no,384
240,blue-collar,single,565,yes,20
182,blue-collar,married,634,no,737
232,blue-collar,married,699,yes,576
95,blue-collar,married,748,yes,161
22,blue-collar,married,751,yes,1303
1,blue-collar,married,808,yes,20
165,blue-collar,married,837,yes,495
210,blue-collar,married,855,no,616
188,blue-collar,married,932,no,148
166,blue-collar,married,1235,yes,464
237,unemployed,married,1243,yes,157
101,blue-collar,married,1412,yes,157
214,blue-collar,married,1412,yes,149
21,blue-collar,married,1430,yes,271
161,blue-collar,married,1650,yes,351
167,blue-collar,married,1682,yes,123
186,blue-collar,married,1710,yes,187
34,blue-collar,married,1739,yes,213
114,blue-collar,single,1759,no,695
46,blue-collar,married,1897,yes,441
4,blue-collar,married,1924,yes,161
5,unemployed,married,2173,yes,370
178,blue-collar,married,2595,yes,126
123,blue-collar,single,3043,yes,670
2,blue-collar,married,4622,yes,217
7,blue-collar,married,6411,yes,226
216,blue-collar,married,8309,yes,50
204,blue-collar,married,205,yes,1313
16,blue-collar,married,209,yes,66
24,blue-collar,single,219,yes,161
57,blue-collar,married,247,yes,114
10,unemployed,married,259,no,229
64,blue-collar,married,270,yes,332
217,blue-collar,married,274,yes,205
94,blue-collar,married,280,yes,65
229,blue-collar,single,341,no,348
211,blue-collar,married,365,yes,63
203,blue-collar,single,376,yes,207
6,blue-collar,married,402,no,123
152,blue-collar,single,448,no,1031
180,blue-collar,married,503,yes,57
32,blue-collar,single,505,no,109
14,blue-collar,married,522,yes,245
43,blue-collar,married,527,yes,143
88,blue-collar,married,563,no,147
253,blue-collar,married,698,yes,1343
142,blue-collar,married,809,yes,60
242,blue-collar,single,907,yes,242
144,unemployed,married,1054,yes,106
194,blue-collar,married,1160,no,62
69,blue-collar,married,1602,yes,171
202,blue-collar,married,6411,yes,144
41,blue-collar,single,12223,yes,177
