ID,Name,Maneuvering,Combat,Intelligence,Teamwork
Cadet 14014,Pearl Manteca,90,98,100,71
Cadet 14468,Donna Dodimead,98,96,95,58
Cadet 14151,Stephen Tasson,98,93,57,95
Cadet 14392,Jacquelyn Rue,86,99,60,94
Cadet 13839,Louise Godfrey,97,74,81,86
Cadet 13980,Roger Parsons,95,75,93,74
Cadet 14236,Lily Ortega,57,96,87,94
Cadet 14108,Barbara Garza,98,73,80,82
Cadet 14032,Carrie Robbins,85,86,84,77
Cadet 14269,Barbara Zacharias,46,94,99,87
Cadet 13792,Hazel Donahoo,100,95,86,43
Cadet 14372,Ezekiel Steed,99,36,98,91
Cadet 13833,Hilda Simmons,86,95,56,87
Cadet 13824,Shirley Carlstrom,74,97,70,78
Cadet 13977,Darron Ortiz,98,80,100,41
Cadet 13812,Rosie Keys,54,66,99,100
Cadet 14476,Ruth Austin,94,44,92,87
Cadet 14214,Ramon Buser,93,69,55,100
Cadet 14449,Nellie Atkins,74,78,89,76
Cadet 13918,Ryan Mitchell,79,74,96,66
Cadet 14326,Rita Flores,97,94,74,49
Cadet 14161,Jody Kruse,96,100,35,81
Cadet 14012,Linda Nelms,96,72,79,65
Cadet 14409,Roberta Elliott,64,64,84,98
Cadet 13865,Troy Cass,78,70,74,85
Cadet 14082,Paul Castillo,83,50,93,79
Cadet 13930,Adam Bentz,94,90,60,60
Cadet 14455,Brian Bejar,45,97,64,97
Cadet 14177,Shirley Stansberry,97,39,87,79
Cadet 14150,Helga Bryan,75,73,79,74
Cadet 14055,Linda Browne,89,88,29,95
Cadet 13855,Kathy Garner,95,92,48,65
Cadet 13777,Carol Williams,84,91,87,37
Cadet 13870,Leah Crary,51,93,80,74
Cadet 14336,Roger Beckham,75,92,43,86
Cadet 14238,Elizabeth Moore,95,52,89,59
Cadet 14256,Jamie Middleton,79,49,77,90
Cadet 13838,Rebecca Helms,96,66,79,52
Cadet 13998,Edward Saenz,35,99,92,67
Cadet 13786,Paula Clark,97,89,73,32
Cadet 14068,Hunter Moreno,75,45,99,72
Cadet 14461,Scott Gamez,22,98,73,97
Cadet 14412,Vicki Rublee,72,87,99,31
Cadet 13979,Joshua Majors,79,58,63,89
Cadet 14469,Jason Williams,43,98,93,53
Cadet 13894,Alma Kramer,90,92,72,32
Cadet 14427,William Baker,81,70,68,67
Cadet 14134,Helen Metz,92,82,87,25
Cadet 14137,Justin Harian,52,95,57,82
Cadet 14118,Valerie Rode,95,54,73,63
Cadet 14040,Brian Baker,93,39,54,99
Cadet 13963,Samuel Smith,73,68,45,98
Cadet 14018,Charles Walton,78,96,87,21
Cadet 13810,Karen Harrison,20,88,94,79
Cadet 13904,Lynn Reese,97,61,56,67
Cadet 14225,Loren Scherr,89,20,93,79
Cadet 14160,Louise Smith,65,62,90,64
Cadet 13857,Lauren Frey,88,87,64,40
Cadet 13913,Philip Leggett,99,68,66,46
Cadet 14126,Betty Bordelon,52,47,96,83
Cadet 13805,Christopher Castaneda,80,43,65,88
Cadet 14356,Rodney Crow,84,78,16,98
Cadet 14216,Joy Smalls,27,79,71,99
Cadet 14485,Kathleen Slagle,81,24,73,98
Cadet 14019,Dana Bruno,57,98,77,43
Cadet 14286,Charles Jackson,80,52,93,49
Cadet 13813,Timothy Fain,91,54,31,98
Cadet 13984,Jose Cornwell,48,67,85,74
Cadet 14388,Christine Weddington,50,72,77,75
Cadet 13795,Roger Atkins,63,52,88,70
Cadet 14178,Mary Martinez,73,49,74,76
Cadet 13950,Joseph Sipple,60,38,99,75
Cadet 14146,Angela Melendez,53,85,34,100
Cadet 14172,Nora Madaras,78,70,81,42
Cadet 14212,Linda Collins,73,60,39,99
Cadet 14354,Joshua Littman,48,77,83,62
Cadet 13799,Norman Redenz,78,100,61,31
Cadet 13978,Paul Hinds,84,70,74,42
Cadet 13928,Danny Herrera,78,46,91,54
Cadet 14141,Dawn Holley,80,74,69,46
Cadet 13952,Ray Reyes,92,30,88,58
Cadet 14280,Catherine Smith,13,88,74,93
Cadet 14003,Nerissa Landry,57,67,63,80
Cadet 14287,Phillip Dowd,22,87,82,76
Cadet 14349,Donald Gilligan,62,67,59,79
Cadet 14239,Betty Shelton,35,74,99,59
Cadet 14194,Lucille Atkinson,97,39,71,60
Cadet 14075,Joseph Phares,60,53,89,64
Cadet 14417,William Henley,85,98,58,25
Cadet 14100,Ann Wells,49,88,96,33
Cadet 14107,Jane Pierce,74,39,79,74
Cadet 14232,Crystal Millsap,99,63,71,32
Cadet 13802,Nellie Pearson,43,85,89,48
Cadet 13806,Steve Pulliam,79,73,27,86
Cadet 14406,Elma Wermers,82,73,76,33
Cadet 13829,Kristine Carbone,54,87,77,46
Cadet 13797,Francis Oland,44,89,94,37
Cadet 14207,Charles White,87,35,87,55
Cadet 14363,Jeremiah Krahn,82,62,37,82
Cadet 14337,Jorge Phillips,86,89,12,76
Cadet 14056,Shirley Chase,98,35,75,55
Cadet 14087,Harold Dayton,74,27,76,85
Cadet 14135,Courtney Moldenhauer,13,90,98,61
Cadet 13780,Brandi Robinson,66,31,68,96
Cadet 14035,Brandon Cannon,15,85,98,62
Cadet 14209,Michael Rowley,13,64,85,98
Cadet 13779,Robert Banks,40,90,55,74
Cadet 14125,Joe Morales,74,38,64,83
Cadet 13940,Amanda Crenshaw,56,55,67,81
Cadet 13878,Melissa Walters,83,100,24,52
Cadet 14245,Wilma Knowles,24,62,78,95
Cadet 14292,Jon Sparks,85,57,74,42
Cadet 14472,Frances South,74,47,51,86
Cadet 14154,Antionette Mesiti,65,67,52,74
Cadet 14079,Emilia Kahrs,63,70,51,74
Cadet 13859,Ashley Marti,78,46,42,91
Cadet 13861,Traci Gouty,98,69,79,11
Cadet 13901,Jaime Marcum,84,98,42,33
Cadet 13961,Carl Boyers,84,35,93,45
Cadet 13896,Mitchel Matson,27,66,64,100
Cadet 13787,Janet Segars,93,50,31,82
Cadet 14442,Beverly Gault,22,91,100,43
Cadet 13944,Emma Palmo,53,67,97,39
Cadet 13800,William Andrews,58,94,58,46
Cadet 14005,Betty Brackett,74,24,81,77
Cadet 14092,Frank Percy,98,82,56,19
Cadet 14072,Reginald Fast,75,74,86,20
Cadet 14045,John Glidewell,45,78,82,50
Cadet 14439,Lena Reyes,95,75,47,37
Cadet 14258,Louise Vasquez,92,79,23,60
Cadet 14206,Faviola Balson,89,68,60,37
Cadet 14051,Margaret Farkas,70,30,71,82
Cadet 13880,Robert Guzman,35,83,48,87
Cadet 14489,Janice Sindorf,39,49,98,66
Cadet 14463,Nancy Jackson,78,59,70,45
Cadet 13922,Michael Weber,53,49,85,65
Cadet 14429,Timothy Fox,97,54,91,10
Cadet 14424,Sarah Diaz,97,11,60,83
Cadet 14370,James Delarosa,95,27,87,41
Cadet 14352,Craig Martin,77,43,70,60
Cadet 14200,Perry Padron,79,93,62,15
Cadet 14418,Emma Rodgers,78,32,39,100
Cadet 14149,Nicole Craft,42,66,71,70
Cadet 14235,Tamar Johnson,94,78,39,38
Cadet 14475,Melvin Mayher,78,40,82,49
Cadet 14124,Wayne Huffman,90,52,44,63
Cadet 14345,Margarita Flohr,18,84,89,58
Cadet 13974,Ashley Kirby,40,80,91,38
Cadet 14228,Alba Beatty,66,45,79,58
Cadet 14314,Ralph Russell,77,90,46,35
Cadet 14080,Cheryl Ramirez,55,81,76,35
Cadet 13953,Natalia Sandlin,30,63,72,82
Cadet 14359,Mary Harris,63,43,88,52
Cadet 14157,Ashley Nelson,72,74,31,69
Cadet 14029,Emma Noble,71,33,67,75
Cadet 14074,Regina Kemp,85,58,10,91
Cadet 14274,Sheila Sanchez,70,57,76,40
Cadet 14041,Connie Smith,77,89,65,12
Cadet 13835,Robert Walker,54,44,60,85
Cadet 14224,William Prioletti,59,89,35,60
Cadet 13852,Beverly Wilson,90,48,18,86
Cadet 14001,Zachary Petersen,42,67,95,38
Cadet 14050,Bradley Wise,94,36,45,66
Cadet 14366,Shirley Turner,82,64,22,73
Cadet 14223,Kathern Carman,24,92,75,50
Cadet 13964,Francisco Demars,66,65,34,75
Cadet 13836,Justine Rodrigues,73,35,79,53
Cadet 13895,James Lavine,29,68,55,88
Cadet 13954,Adena Hatfield,50,58,73,59
Cadet 14466,Jason Moore,58,96,72,13
Cadet 14103,James Little,71,50,76,42
Cadet 13866,Linda Le,39,57,54,89
Cadet 14197,John Carr,29,18,93,99
Cadet 14006,Annette Lackey,97,46,59,36
Cadet 14306,Ella Flesher,82,22,79,55
Cadet 14275,Jules Caricofe,43,15,86,94
Cadet 14020,Kyle Randall,63,93,37,45
Cadet 14324,Gloria Mueller,64,60,75,39
Cadet 14327,Virginia Blackburn,93,17,98,29
Cadet 13851,Sherman Mckenna,18,34,98,87
Cadet 14211,Terrance Thomas,52,66,84,34
Cadet 14297,Charles Bell,91,23,32,90
Cadet 13938,Ann Neal,50,17,71,98
Cadet 14313,Thelma Popken,86,23,61,66
Cadet 14067,Ruth Green,68,11,92,65
Cadet 13817,Shelby Tippin,65,48,27,96
Cadet 14450,Wayne Wiggins,34,41,69,92
Cadet 13914,Teresa Mandel,17,95,26,97
Cadet 14246,Maria Rusch,49,83,82,21
Cadet 14344,Martin Givens,51,37,52,95
Cadet 14218,Kelly Johnson,27,71,59,78
Cadet 14315,Elena Briseno,49,12,91,82
Cadet 14452,Kimberly Cordell,88,42,25,79
Cadet 14058,Tracy Lamm,82,25,58,68
Cadet 13819,Gwendolyn Trotter,39,46,67,81
Cadet 14104,Christine Mercure,28,57,71,77
Cadet 13793,Daniel Amari,10,75,53,95
Cadet 14199,Marcus Spence,71,51,14,96
Cadet 13873,Joshua Gutierrez,46,43,61,82
Cadet 14078,Walter Londono,89,19,29,95
Cadet 14477,Troy Noya,98,80,19,35
Cadet 14096,Patricia Smitley,60,66,29,76
Cadet 14278,Daniel Wright,75,10,60,86
Cadet 13867,Anna Mcwhorter,27,68,58,78
Cadet 14113,Clara Baiz,62,92,67,10
Cadet 13782,Chester Bacon,55,72,70,34
Cadet 14270,Susanne Rosecrans,53,26,54,98
Cadet 14320,Christopher Leavitt,62,68,15,85
Cadet 14219,Jackie Meredith,49,69,22,90
Cadet 13931,Evelyn Poirier,52,70,79,29
Cadet 13863,James Cerda,16,83,82,49
Cadet 13776,Melinda Starr,52,94,61,22
Cadet 14419,Erica Bila,50,13,83,83
Cadet 13932,Douglas Haynes,80,56,50,43
Cadet 13942,Joshua Bailey,12,95,87,35
Cadet 13955,Derek Hughes,38,46,55,90
Cadet 13879,Helen Pardo,79,53,70,26
Cadet 14158,Alice Bledsaw,93,68,51,16
Cadet 14255,Minnie Lapidus,66,20,71,71
Cadet 14101,Jerry Weber,33,61,89,45
Cadet 13841,Michael Campagna,81,30,58,59
Cadet 14300,Silvana Rawling,63,61,20,84
Cadet 14241,Frances Knowlton,56,87,64,20
Cadet 14394,Tony Luckett,63,90,61,13
Cadet 14089,Jame Baumgarter,74,54,87,12
Cadet 14353,Madge Landers,15,82,44,85
Cadet 14170,Tara Carmack,33,77,99,17
Cadet 14260,George Barrett,84,22,90,30
Cadet 14457,Tammy Somerville,100,70,40,16
Cadet 14036,Christine Flamer,57,97,25,47
Cadet 13926,Deshawn Holloway,87,25,70,44
Cadet 14052,Pamela Turcotte,28,85,94,19
Cadet 13877,Pat Hallberg,21,87,45,72
Cadet 14395,Ammie Bertalan,55,69,15,86
Cadet 14389,Mary Thompson,35,79,50,60
Cadet 14106,Paul Payne,24,74,81,45
Cadet 14046,Joseph Lemus,85,39,32,68
Cadet 14279,Mark Mehtani,11,98,37,78
Cadet 14358,Rachel Murphy,12,99,50,62
Cadet 14047,Donald Pitcher,29,67,77,50
Cadet 14243,Maria Kaufman,41,20,74,88
Cadet 14221,Dale Winston,56,69,87,11
Cadet 14169,Lila Mayfield,62,47,42,71
Cadet 14367,Monica Hudson,26,93,48,55
Cadet 13848,David Everett,33,69,58,62
Cadet 13970,Sylvia Rouse,19,84,89,29
Cadet 13811,Robin Lyles,72,23,89,37
Cadet 14473,Elizabeth Corona,62,45,82,32
Cadet 13856,Louis Gilbert,42,77,21,81
Cadet 14130,Paul Santos,22,24,92,82
Cadet 14011,Jay Underwood,100,14,77,29
Cadet 14073,Joel Webster,42,56,87,34
Cadet 14329,Lavon Dickinson,46,83,23,67
Cadet 14360,Raymond Malady,57,24,78,60
Cadet 14381,Linda May,41,74,42,62
Cadet 13909,Linda Carter,86,28,15,90
Cadet 14460,Esther Edwards,69,28,90,32
Cadet 13826,Luis Silvey,17,70,31,100
Cadet 14244,Keith Paddock,83,19,55,61
Cadet 13960,Linda Daugherty,26,31,83,78
Cadet 13883,Vincent Risher,48,17,92,61
Cadet 13809,Sean Pleasant,60,53,16,89
Cadet 14495,Edgar Franco,85,41,66,26
Cadet 13891,Robert Steiner,81,82,23,32
Cadet 14294,Angela Morton,76,33,86,23
Cadet 13871,Janet Murphy,57,48,45,67
Cadet 13933,Michael Mooney,63,48,51,55
Cadet 14322,Ruby Bruce,59,13,45,99
Cadet 14351,Marilyn Tinsley,81,19,74,42
Cadet 13790,Chadwick Leuthold,98,57,25,36
Cadet 14401,Christopher Grondin,20,29,94,72
Cadet 14065,Ronnie Chism,32,86,11,86
Cadet 13900,Steve Thurman,73,83,47,12
Cadet 13987,Stephen Cruz,86,72,12,45
Cadet 14451,George Ripley,64,32,20,98
Cadet 14145,Mary Kryst,12,97,67,38
Cadet 13971,Andrea Stewart,99,46,37,31
Cadet 13983,Mark Wendt,62,10,61,80
Cadet 14004,Ronald Harlow,48,60,29,75
Cadet 13853,Robert Greenstreet,41,33,48,90
Cadet 13815,Sondra Blais,29,38,86,59
Cadet 13808,Sarah Engle,40,88,19,65
Cadet 14456,George Yates,97,45,59,11
Cadet 14077,Eleanore Morse,54,52,73,32
Cadet 14022,Isaiah Wathen,59,84,31,35
Cadet 14282,Anita Myers,76,43,63,27
Cadet 14142,Abraham Richards,11,60,83,54
Cadet 13784,Sophia Smith,60,55,75,18
Cadet 14387,Michael Setters,81,13,92,22
Cadet 13858,Buddy Thomas,35,62,98,13
Cadet 13821,Hazel Cass,15,80,56,56
Cadet 14430,Clara Kennedy,19,84,16,88
Cadet 14117,Donald Crossen,93,31,65,18
Cadet 14277,Edward James,66,16,25,100
Cadet 14129,Carol Brasher,69,17,77,43
Cadet 14423,Michael Green,87,34,27,58
Cadet 14410,Arlene Hernandez,51,13,49,93
Cadet 14139,Rich Naylor,11,64,31,99
Cadet 14180,Estella Meier,53,43,99,10
Cadet 14174,Otis Donaldson,71,75,47,11
Cadet 14347,Lynn Deep,22,50,94,38
Cadet 14390,Edward Hayes,34,78,29,63
Cadet 14249,Robin Macias,61,70,32,40
Cadet 14458,Asia Zamora,26,51,97,29
Cadet 14281,Aja Butler,58,31,60,54
Cadet 14488,Mary Mack,17,51,36,99
Cadet 14242,Lauren Hicks,16,61,47,78
Cadet 14248,Terri Hutcherson,27,69,32,74
Cadet 14210,Elsa Bishop,28,18,93,62
Cadet 14008,Linda Hebert,81,39,55,26
Cadet 13803,Dawn Shaver,51,14,77,59
Cadet 14201,Joseph Fernberg,83,44,14,60
Cadet 14376,Michael Mayo,28,54,51,67
Cadet 14123,Lana Gessel,50,53,66,31
Cadet 14467,Anthony Budde,53,25,64,58
Cadet 13995,Thomas Sanches,51,22,88,38
Cadet 13923,Jeremy Schwartz,20,98,60,21
Cadet 13958,Monique Desroches,28,87,60,24
Cadet 14474,Alexander Windish,47,74,19,59
Cadet 14251,Lina Hinton,92,47,38,22
Cadet 14404,Robin Olson,52,27,59,61
Cadet 14459,Leslie Dunlap,14,19,92,74
Cadet 14112,Martha Jones,38,61,38,62
Cadet 13834,Katie Winslow,62,57,65,14
Cadet 14273,Guy Oconnor,53,11,71,62
Cadet 14081,Victor Key,48,60,63,26
Cadet 14285,William Sapp,41,30,58,68
Cadet 13936,Stephanie Whigham,83,13,12,89
Cadet 14471,Mary Melroy,23,67,44,63
Cadet 14060,Regena Garcia,28,55,52,61
Cadet 13934,Candelaria Bara,53,39,51,53
Cadet 14288,Blanche Barba,29,92,54,21
Cadet 13965,Tracy Willis,83,51,21,41
Cadet 14302,Tyra Chan,82,67,17,30
Cadet 13966,Betty Schroeder,46,68,67,15
Cadet 13949,Daria Fechner,54,34,13,94
Cadet 14335,Shirley Davies,13,68,50,64
Cadet 14328,Mary Stock,47,67,46,35
Cadet 14059,Roberta Lucas,10,98,37,50
Cadet 14062,Pamela Thiele,77,10,71,36
Cadet 14234,India Penland,82,12,59,41
Cadet 14325,Mary Lavoy,49,43,39,63
Cadet 14128,Paul Olberding,91,63,19,21
Cadet 13882,Joseph Pipkins,10,31,61,92
Cadet 13920,Thomas Wilks,85,10,63,36
Cadet 13968,Joseph Parks,25,92,20,57
Cadet 13959,Timothy Lynn,71,19,30,74
Cadet 14233,James Williams,26,74,22,72
Cadet 14155,Sharon Clevenger,53,54,61,26
Cadet 13992,Richard Gray,27,48,80,38
Cadet 14414,Dora Garret,99,23,30,41
Cadet 14338,Mary Tockey,74,14,42,63
Cadet 14296,Nannette Anderson,15,41,97,40
Cadet 14371,Dustin Cortez,50,47,56,39
Cadet 14043,Argelia Carrico,72,35,64,21
Cadet 14321,John Donaldson,80,11,66,35
Cadet 14415,Teresa Wolfe,56,54,36,45
Cadet 14434,Andrew Camp,45,28,75,43
Cadet 13976,June Wibbens,79,19,79,14
Cadet 14044,Kim Swan,34,58,70,29
Cadet 14164,Harry Carter,24,79,70,18
Cadet 14440,Diana Young,64,36,49,41
Cadet 13991,Horace Hooker,64,24,43,59
Cadet 13981,Sarah Darrin,15,28,89,58
Cadet 14330,Gary Biancardi,39,31,92,28
Cadet 14399,Victoria Patterson,45,62,55,28
Cadet 14167,Betty Fields,65,19,65,40
Cadet 14470,Joseph Albus,73,33,43,39
Cadet 13816,Susan Willsey,80,46,32,30
Cadet 14384,Lois Loch,21,68,22,77
Cadet 13837,Tena Valentine,81,50,23,34
Cadet 14076,Irma Prescott,34,27,80,45
Cadet 14203,Todd Coleman,48,67,21,50
Cadet 14496,Julia Davis,81,21,63,20
Cadet 14267,James Hall,32,76,64,13
Cadet 14377,Connie Coleman,38,83,52,11
Cadet 14198,Dianne Handley,21,52,58,52
Cadet 14252,Hazel Berger,21,37,96,29
Cadet 14308,Frank Yard,79,43,50,10
Cadet 14220,John Hanson,37,12,91,42
Cadet 14168,Lenard Dake,19,50,25,86
Cadet 13788,Adam Garland,13,29,85,53
Cadet 14425,Mary King,99,58,13,10
Cadet 14179,William Woo,49,29,46,55
Cadet 14105,James Gonzalez,25,15,76,63
Cadet 13939,Dedra Costello,15,88,31,45
Cadet 14227,Bradley Baker,38,76,42,22
Cadet 14316,Anita Humphrey,11,45,52,70
Cadet 14071,Joshua Goods,32,33,84,29
Cadet 14283,Albert Montoya,53,30,63,30
Cadet 14262,Clara Kuhl,68,13,45,49
Cadet 14492,Leroy Hilliard,76,56,14,29
Cadet 14188,David Luce,71,30,17,56
Cadet 14116,Joyce Sane,18,35,35,85
Cadet 14402,Joshua Hudson,53,24,22,73
Cadet 14272,Millicent Wilbon,34,47,20,71
Cadet 14342,Ivan Rice,23,79,41,29
Cadet 14393,George Clark,29,10,54,78
Cadet 14293,Debra Silverstein,36,24,72,39
Cadet 13956,Clarence Chu,19,10,86,56
Cadet 14305,Bettye Shirley,75,47,31,18
Cadet 14445,Tori Fletcher,33,59,45,33
Cadet 14186,John Stutler,11,62,78,19
Cadet 14159,Sherri Adler,47,32,48,43
Cadet 13935,Matthew Chenault,25,50,42,51
Cadet 13832,Irene Becerra,58,31,17,62
Cadet 13898,William Martin,30,55,42,41
Cadet 13820,Charles Lowe,63,47,30,26
Cadet 13781,Marion Erebia,33,74,47,11
Cadet 13791,Emma Maisonet,14,92,29,29
Cadet 14431,Jane Campbell,36,32,34,62
Cadet 13990,Patricia Daniels,41,19,72,32
Cadet 14421,Gregg Baxter,29,39,39,56
Cadet 14002,Barbara Harrelson,41,32,66,24
Cadet 13903,Nilda Lew,12,98,35,18
Cadet 14033,Beverly Jackson,42,50,22,48
Cadet 14373,John Sweeney,11,51,49,51
Cadet 13945,David Green,55,40,47,19
Cadet 14069,Wendy Washing,47,18,59,37
Cadet 14070,Douglas Cantrell,68,24,49,20
Cadet 14240,Denise Mohr,14,36,51,60
Cadet 14333,Mauro Hunt,23,13,43,82
Cadet 13783,Travis Meissner,50,25,27,58
Cadet 13804,Jonathan Dyar,84,28,33,14
Cadet 13849,Michael Wofford,17,69,63,10
Cadet 14024,Jane Kropp,42,58,45,13
Cadet 14162,Andra Rambo,17,42,83,16
Cadet 14175,Christina Arroyo,24,95,17,22
Cadet 13910,Adam Elliott,26,72,31,28
Cadet 13827,Barbara Smith,56,35,48,17
Cadet 13822,Pauline Grobmyer,18,19,57,62
Cadet 13902,Jennifer Olson,48,33,13,61
Cadet 14192,Charity Woods,14,57,56,28
Cadet 14413,Gary Merkerson,78,29,37,10
Cadet 14334,Raphael Taylor,11,26,38,79
Cadet 14480,Sara Banks,43,11,28,71
Cadet 14479,Amy Kerr,36,15,61,41
Cadet 14411,Frank Mcintosh,15,19,69,50
Cadet 14318,Kelly Fitts,67,36,21,27
Cadet 14462,Noel Chaplin,74,36,13,28
Cadet 13888,Maria Thurston,48,34,59,10
Cadet 14109,Kathe Sandling,19,18,78,35
Cadet 13846,Christopher Reyes,21,47,50,32
Cadet 13917,Tasha Gavin,10,76,44,19
Cadet 14435,Mark Savage,13,43,24,69
Cadet 14340,Sally South,10,48,43,47
Cadet 14189,Agnes Mcdonnell,21,53,22,52
Cadet 14257,Timothy Andrew,46,33,39,29
Cadet 14317,Stefania Rhodes,56,26,31,34
Cadet 13962,Charles Thomas,44,47,34,22
Cadet 14350,Edward Schmidt,38,29,10,68
Cadet 13884,Omar Lynch,53,10,52,30
Cadet 13868,Lonnie Stultz,13,63,57,11
Cadet 14339,Rebekah Sharp,33,23,71,16
Cadet 13919,Edward Emerick,31,33,50,28
Cadet 14309,Maria Long,29,10,89,14
Cadet 14064,Frank Smallwood,10,74,29,28
Cadet 14042,David Snyder,39,18,67,16
Cadet 14259,Beverly Hulbert,19,10,60,51
Cadet 13924,Juan Golden,19,54,33,34
Cadet 13906,Staci Alexandre,42,31,36,28
Cadet 14027,Tammera Edwards,16,40,54,26
Cadet 13889,Larry Colella,36,33,47,20
Cadet 14253,Ellis Jansen,17,28,52,39
Cadet 13911,Jerry Adams,40,16,58,21
Cadet 13899,Carolyn Gray,13,25,66,30
Cadet 13921,Andrea Camacho,26,25,39,44
Cadet 14346,Joyce Pflug,19,19,30,66
Cadet 14301,Martha Turner,32,56,28,18
Cadet 14420,Alberto Williams,41,14,57,19
Cadet 14031,Juanita Michel,17,80,20,14
Cadet 13874,Eric Bell,15,17,80,19
Cadet 13947,Arnold Lampkin,26,31,30,44
Cadet 13881,Luba Kissler,67,14,33,17
Cadet 14247,Jeffrey Pushard,51,17,40,22
Cadet 13908,Sarah Parker,23,67,15,25
Cadet 14319,Cynthia Davidson,36,67,14,12
Cadet 14268,Alfredo Brooks,42,57,17,12
Cadet 14049,Leonard Keel,49,11,15,51
Cadet 14231,Genevieve Smith,55,15,45,11
Cadet 14254,Bryan Hage,15,49,46,13
Cadet 14499,Arthur Shoffner,40,11,46,25
Cadet 13988,Irene Pliml,53,12,28,28
Cadet 14441,Mary Hoffman,16,31,18,54
Cadet 13937,Mary Sikorski,38,31,22,25
Cadet 13989,Christine Parson,59,26,14,16
Cadet 14341,Nella Mckay,22,52,19,18
Cadet 14205,Tyler Johnson,51,24,15,20
Cadet 14048,Lonnie Pittman,19,18,42,29
Cadet 13982,William Lacroix,10,19,28,50
Cadet 14119,Corine Marano,26,11,52,17
Cadet 14063,Vincent Gilstad,10,52,14,26
Cadet 14486,James Renteria,12,40,28,21
Cadet 14013,Carolyn Johnson,13,58,10,16
Cadet 13847,Gary Ward,37,35,10,13
Cadet 14497,Gregory Gibson,24,37,10,22
