Cadet 13821,Hazel Cass,maneuvering,15
Cadet 14199,Marcus Spence,intelligence,14
Cadet 13781,Marion Erebia,teamwork,11
Cadet 13868,Lonnie Stultz,maneuvering,13
Cadet 13786,Paula Clark,intelligence,73
Cadet 13847,Gary Ward,maneuvering,37
Cadet 14227,Bradley Baker,maneuvering,38
Cadet 14257,Timothy Andrew,combat,33
Cadet 13989,Christine Parson,intelligence,14
Cadet 14420,Alberto Williams,intelligence,57
Cadet 14109,Kathe Sandling,intelligence,78
Cadet 13852,Beverly Wilson,maneuvering,90
Cadet 14142,Abraham Richards,intelligence,83
Cadet 13868,Lonnie Stultz,intelligence,57
Cadet 14024,Jane Kropp,teamwork,13
Cadet 14286,Charles Jackson,combat,52
Cadet 14076,Irma Prescott,teamwork,45
Cadet 13813,Timothy Fain,maneuvering,91
Cadet 14371,Dustin Cortez,intelligence,56
Cadet 14116,Joyce Sane,intelligence,35
Cadet 13826,Luis Silvey,teamwork,100
Cadet 14169,Lila Mayfield,intelligence,42
Cadet 14496,Julia Davis,combat,21
Cadet 14319,Cynthia Davidson,teamwork,12
Cadet 14161,Jody Kruse,maneuvering,96
Cadet 14274,Sheila Sanchez,teamwork,40
Cadet 14003,Nerissa Landry,teamwork,80
Cadet 13984,Jose Cornwell,teamwork,74
Cadet 13988,Irene Pliml,combat,12
Cadet 14244,Keith Paddock,teamwork,61
Cadet 14439,Lena Reyes,combat,75
Cadet 13995,Thomas Sanches,teamwork,38
Cadet 13894,Alma Kramer,maneuvering,90
Cadet 14370,James Delarosa,teamwork,41
Cadet 13992,Richard Gray,teamwork,38
Cadet 14050,Bradley Wise,combat,36
Cadet 14075,Joseph Phares,combat,53
Cadet 14440,Diana Young,intelligence,49
Cadet 13930,Adam Bentz,maneuvering,94
Cadet 14062,Pamela Thiele,combat,10
Cadet 14051,Margaret Farkas,teamwork,82
Cadet 13810,Karen Harrison,intelligence,94
Cadet 14006,Annette Lackey,maneuvering,97
Cadet 14421,Gregg Baxter,intelligence,39
Cadet 13917,Tasha Gavin,combat,76
Cadet 13970,Sylvia Rouse,teamwork,29
Cadet 14073,Joel Webster,combat,56
Cadet 14358,Rachel Murphy,intelligence,50
Cadet 13873,Joshua Gutierrez,maneuvering,46
Cadet 14211,Terrance Thomas,maneuvering,52
Cadet 14439,Lena Reyes,teamwork,37
Cadet 14002,Barbara Harrelson,intelligence,66
Cadet 13820,Charles Lowe,maneuvering,63
Cadet 14241,Frances Knowlton,combat,87
Cadet 14329,Lavon Dickinson,intelligence,23
Cadet 14283,Albert Montoya,intelligence,63
Cadet 13795,Roger Atkins,maneuvering,63
Cadet 13857,Lauren Frey,teamwork,40
Cadet 13945,David Green,teamwork,19
Cadet 13871,Janet Murphy,combat,48
Cadet 14322,Ruby Bruce,maneuvering,59
Cadet 14082,Paul Castillo,combat,50
Cadet 14161,Jody Kruse,teamwork,81
Cadet 13960,Linda Daugherty,maneuvering,26
Cadet 14096,Patricia Smitley,teamwork,76
Cadet 14389,Mary Thompson,teamwork,60
Cadet 14308,Frank Yard,combat,43
Cadet 14174,Otis Donaldson,intelligence,47
Cadet 14297,Charles Bell,intelligence,32
Cadet 14347,Lynn Deep,combat,50
Cadet 14366,Shirley Turner,maneuvering,82
Cadet 14341,Nella Mckay,intelligence,19
Cadet 14042,David Snyder,combat,18
Cadet 14106,Paul Payne,intelligence,81
Cadet 14234,India Penland,intelligence,59
Cadet 14031,Juanita Michel,maneuvering,17
Cadet 13792,Hazel Donahoo,teamwork,43
Cadet 14087,Harold Dayton,intelligence,76
Cadet 13839,Louise Godfrey,maneuvering,97
Cadet 14401,Christopher Grondin,teamwork,72
Cadet 14118,Valerie Rode,intelligence,73
Cadet 14080,Cheryl Ramirez,combat,81
Cadet 14376,Michael Mayo,teamwork,67
Cadet 14119,Corine Marano,teamwork,17
Cadet 13963,Samuel Smith,intelligence,45
Cadet 13791,Emma Maisonet,maneuvering,14
Cadet 13792,Hazel Donahoo,maneuvering,100
Cadet 13846,Christopher Reyes,combat,47
Cadet 14292,Jon Sparks,combat,57
Cadet 14394,Tony Luckett,intelligence,61
Cadet 13779,Robert Banks,maneuvering,40
Cadet 13811,Robin Lyles,combat,23
Cadet 13776,Melinda Starr,combat,94
Cadet 13952,Ray Reyes,teamwork,58
Cadet 14049,Leonard Keel,combat,11
Cadet 14065,Ronnie Chism,teamwork,86
Cadet 14062,Pamela Thiele,intelligence,71
Cadet 13935,Matthew Chenault,combat,50
Cadet 13859,Ashley Marti,intelligence,42
Cadet 14402,Joshua Hudson,combat,24
Cadet 14064,Frank Smallwood,maneuvering,10
Cadet 14326,Rita Flores,combat,94
Cadet 14325,Mary Lavoy,intelligence,39
Cadet 13933,Michael Mooney,combat,48
Cadet 14223,Kathern Carman,intelligence,75
Cadet 13879,Helen Pardo,intelligence,70
Cadet 13810,Karen Harrison,combat,88
Cadet 13899,Carolyn Gray,maneuvering,13
Cadet 14417,William Henley,teamwork,25
Cadet 14249,Robin Macias,teamwork,40
Cadet 14480,Sara Banks,maneuvering,43
Cadet 14306,Ella Flesher,intelligence,79
Cadet 14258,Louise Vasquez,maneuvering,92
Cadet 13824,Shirley Carlstrom,maneuvering,74
Cadet 14200,Perry Padron,intelligence,62
Cadet 14445,Tori Fletcher,combat,59
Cadet 13838,Rebecca Helms,teamwork,52
Cadet 14360,Raymond Malady,combat,24
Cadet 14418,Emma Rodgers,combat,32
Cadet 14126,Betty Bordelon,combat,47
Cadet 14041,Connie Smith,maneuvering,77
Cadet 14287,Phillip Dowd,intelligence,82
Cadet 14046,Joseph Lemus,intelligence,32
Cadet 14455,Brian Bejar,combat,97
Cadet 14473,Elizabeth Corona,maneuvering,62
Cadet 14414,Dora Garret,intelligence,30
Cadet 14075,Joseph Phares,maneuvering,60
Cadet 14047,Donald Pitcher,intelligence,77
Cadet 13899,Carolyn Gray,teamwork,30
Cadet 14022,Isaiah Wathen,intelligence,31
Cadet 13902,Jennifer Olson,maneuvering,48
Cadet 14278,Daniel Wright,maneuvering,75
Cadet 14158,Alice Bledsaw,combat,68
Cadet 14406,Elma Wermers,combat,73
Cadet 13913,Philip Leggett,teamwork,46
Cadet 14372,Ezekiel Steed,intelligence,98
Cadet 14318,Kelly Fitts,teamwork,27
Cadet 13883,Vincent Risher,maneuvering,48
Cadet 13879,Helen Pardo,combat,53
Cadet 14279,Mark Mehtani,combat,98
Cadet 14458,Asia Zamora,maneuvering,26
Cadet 13786,Paula Clark,combat,89
Cadet 14341,Nella Mckay,maneuvering,22
Cadet 14069,Wendy Washing,intelligence,59
Cadet 14381,Linda May,maneuvering,41
Cadet 13923,Jeremy Schwartz,combat,98
Cadet 14367,Monica Hudson,intelligence,48
Cadet 14419,Erica Bila,maneuvering,50
Cadet 14162,Andra Rambo,intelligence,83
Cadet 14068,Hunter Moreno,combat,45
Cadet 13809,Sean Pleasant,combat,53
Cadet 14409,Roberta Elliott,teamwork,98
Cadet 14351,Marilyn Tinsley,combat,19
Cadet 13982,William Lacroix,maneuvering,10
Cadet 14125,Joe Morales,maneuvering,74
Cadet 14353,Madge Landers,teamwork,85
Cadet 14430,Clara Kennedy,intelligence,16
Cadet 13958,Monique Desroches,teamwork,24
Cadet 14117,Donald Crossen,combat,31
Cadet 14060,Regena Garcia,teamwork,61
Cadet 13821,Hazel Cass,intelligence,56
Cadet 13810,Karen Harrison,maneuvering,20
Cadet 14170,Tara Carmack,maneuvering,33
Cadet 14033,Beverly Jackson,combat,50
Cadet 14363,Jeremiah Krahn,combat,62
Cadet 14320,Christopher Leavitt,combat,68
Cadet 14262,Clara Kuhl,maneuvering,68
Cadet 14199,Marcus Spence,maneuvering,71
Cadet 14128,Paul Olberding,maneuvering,91
Cadet 14179,William Woo,maneuvering,49
Cadet 14317,Stefania Rhodes,combat,26
Cadet 14282,Anita Myers,intelligence,63
Cadet 14035,Brandon Cannon,intelligence,98
Cadet 14168,Lenard Dake,maneuvering,19
Cadet 13832,Irene Becerra,maneuvering,58
Cadet 14100,Ann Wells,maneuvering,49
Cadet 14351,Marilyn Tinsley,intelligence,74
Cadet 13861,Traci Gouty,teamwork,11
Cadet 13940,Amanda Crenshaw,combat,55
Cadet 13848,David Everett,maneuvering,33
Cadet 13855,Kathy Garner,maneuvering,95
Cadet 14064,Frank Smallwood,intelligence,29
Cadet 14495,Edgar Franco,combat,41
Cadet 13834,Katie Winslow,teamwork,14
Cadet 13934,Candelaria Bara,teamwork,53
Cadet 13811,Robin Lyles,intelligence,89
Cadet 14480,Sara Banks,combat,11
Cadet 14318,Kelly Fitts,maneuvering,67
Cadet 14255,Minnie Lapidus,teamwork,71
Cadet 14149,Nicole Craft,combat,66
Cadet 13964,Francisco Demars,maneuvering,66
Cadet 14439,Lena Reyes,maneuvering,95
Cadet 14359,Mary Harris,teamwork,52
Cadet 14238,Elizabeth Moore,teamwork,59
Cadet 13899,Carolyn Gray,combat,25
Cadet 14046,Joseph Lemus,teamwork,68
Cadet 14004,Ronald Harlow,teamwork,75
Cadet 14275,Jules Caricofe,maneuvering,43
Cadet 13853,Robert Greenstreet,maneuvering,41
Cadet 13910,Adam Elliott,teamwork,28
Cadet 13991,Horace Hooker,maneuvering,64
Cadet 13811,Robin Lyles,teamwork,37
Cadet 14280,Catherine Smith,intelligence,74
Cadet 14001,Zachary Petersen,maneuvering,42
Cadet 13811,Robin Lyles,maneuvering,72
Cadet 13820,Charles Lowe,combat,47
Cadet 13815,Sondra Blais,combat,38
Cadet 14116,Joyce Sane,teamwork,85
Cadet 13945,David Green,maneuvering,55
Cadet 14186,John Stutler,teamwork,19
Cadet 14427,William Baker,combat,70
Cadet 14123,Lana Gessel,maneuvering,50
Cadet 13791,Emma Maisonet,combat,92
Cadet 13846,Christopher Reyes,teamwork,32
Cadet 13874,Eric Bell,teamwork,19
Cadet 14247,Jeffrey Pushard,teamwork,22
Cadet 14462,Noel Chaplin,combat,36
Cadet 14151,Stephen Tasson,teamwork,33
Cadet 14200,Perry Padron,combat,93
Cadet 13805,Christopher Castaneda,maneuvering,80
Cadet 14024,Jane Kropp,maneuvering,42
Cadet 14041,Connie Smith,intelligence,65
Cadet 13784,Sophia Smith,maneuvering,60
Cadet 13932,Douglas Haynes,combat,56
Cadet 13923,Jeremy Schwartz,intelligence,60
Cadet 14462,Noel Chaplin,intelligence,13
Cadet 13921,Andrea Camacho,intelligence,39
Cadet 13901,Jaime Marcum,maneuvering,84
Cadet 13835,Robert Walker,teamwork,85
Cadet 14354,Joshua Littman,teamwork,62
Cadet 14288,Blanche Barba,intelligence,54
Cadet 13838,Rebecca Helms,intelligence,79
Cadet 14480,Sara Banks,teamwork,71
Cadet 14367,Monica Hudson,combat,93
Cadet 14192,Charity Woods,intelligence,56
Cadet 14167,Betty Fields,teamwork,40
Cadet 13815,Sondra Blais,intelligence,86
Cadet 13835,Robert Walker,maneuvering,54
Cadet 14232,Crystal Millsap,teamwork,32
Cadet 13829,Kristine Carbone,intelligence,77
Cadet 14192,Charity Woods,combat,57
Cadet 13808,Sarah Engle,maneuvering,40
Cadet 14349,Donald Gilligan,teamwork,79
Cadet 14351,Marilyn Tinsley,teamwork,42
Cadet 14415,Teresa Wolfe,teamwork,45
Cadet 14070,Douglas Cantrell,combat,24
Cadet 13961,Carl Boyers,intelligence,93
Cadet 14340,Sally South,teamwork,47
Cadet 14387,Michael Setters,teamwork,22
Cadet 14472,Frances South,combat,47
Cadet 13970,Sylvia Rouse,combat,84
Cadet 13809,Sean Pleasant,intelligence,16
Cadet 13981,Sarah Darrin,combat,28
Cadet 13971,Andrea Stewart,maneuvering,99
Cadet 14089,Jame Baumgarter,combat,54
Cadet 13965,Tracy Willis,combat,51
Cadet 14338,Mary Tockey,combat,14
Cadet 14476,Ruth Austin,maneuvering,94
Cadet 14232,Crystal Millsap,maneuvering,99
Cadet 13971,Andrea Stewart,intelligence,37
Cadet 14337,Jorge Phillips,teamwork,76
Cadet 14376,Michael Mayo,intelligence,51
Cadet 13781,Marion Erebia,intelligence,47
Cadet 14199,Marcus Spence,combat,51
Cadet 13952,Ray Reyes,maneuvering,92
Cadet 14062,Pamela Thiele,teamwork,36
Cadet 14393,George Clark,maneuvering,29
Cadet 14159,Sherri Adler,combat,32
Cadet 13784,Sophia Smith,intelligence,75
Cadet 14063,Vincent Gilstad,combat,52
Cadet 14467,Anthony Budde,intelligence,64
Cadet 13901,Jaime Marcum,teamwork,33
Cadet 14316,Anita Humphrey,maneuvering,11
Cadet 13861,Traci Gouty,combat,69
Cadet 14320,Christopher Leavitt,maneuvering,62
Cadet 14049,Leonard Keel,intelligence,15
Cadet 14020,Kyle Randall,intelligence,37
Cadet 13878,Melissa Walters,intelligence,24
Cadet 14235,Tamar Johnson,teamwork,38
Cadet 14048,Lonnie Pittman,maneuvering,19
Cadet 13799,Norman Redenz,maneuvering,78
Cadet 14434,Andrew Camp,maneuvering,45
Cadet 13976,June Wibbens,teamwork,14
Cadet 14047,Donald Pitcher,maneuvering,29
Cadet 13882,Joseph Pipkins,combat,31
Cadet 13859,Ashley Marti,maneuvering,78
Cadet 14259,Beverly Hulbert,teamwork,51
Cadet 14281,Aja Butler,combat,31
Cadet 14105,James Gonzalez,teamwork,63
Cadet 14330,Gary Biancardi,combat,31
Cadet 14336,Roger Beckham,maneuvering,75
Cadet 14358,Rachel Murphy,combat,99
Cadet 14172,Nora Madaras,teamwork,42
Cadet 13949,Daria Fechner,maneuvering,54
Cadet 14027,Tammera Edwards,maneuvering,16
Cadet 14032,Carrie Robbins,combat,86
Cadet 14259,Beverly Hulbert,maneuvering,19
Cadet 14431,Jane Campbell,combat,32
Cadet 14238,Elizabeth Moore,maneuvering,95
Cadet 14134,Helen Metz,maneuvering,92
Cadet 13882,Joseph Pipkins,intelligence,61
Cadet 13781,Marion Erebia,maneuvering,33
Cadet 13958,Monique Desroches,intelligence,60
Cadet 14488,Mary Mack,teamwork,99
Cadet 13984,Jose Cornwell,intelligence,85
Cadet 13953,Natalia Sandlin,combat,63
Cadet 14302,Tyra Chan,maneuvering,82
Cadet 13909,Linda Carter,teamwork,90
Cadet 14210,Elsa Bishop,teamwork,62
Cadet 14161,Jody Kruse,combat,100
Cadet 14092,Frank Percy,intelligence,56
Cadet 14078,Walter Londono,combat,19
Cadet 14096,Patricia Smitley,combat,66
Cadet 13894,Alma Kramer,teamwork,32
Cadet 14018,Charles Walton,combat,96
Cadet 13777,Carol Williams,intelligence,87
Cadet 14223,Kathern Carman,combat,92
Cadet 14092,Frank Percy,maneuvering,98
Cadet 14212,Linda Collins,maneuvering,73
Cadet 13888,Maria Thurston,combat,34
Cadet 13928,Danny Herrera,teamwork,54
Cadet 14317,Stefania Rhodes,intelligence,31
Cadet 14254,Bryan Hage,combat,49
Cadet 13826,Luis Silvey,intelligence,31
Cadet 14243,Maria Kaufman,teamwork,88
Cadet 13971,Andrea Stewart,combat,46
Cadet 14040,Brian Baker,intelligence,54
Cadet 14219,Jackie Meredith,teamwork,90
Cadet 14058,Tracy Lamm,teamwork,68
Cadet 14259,Beverly Hulbert,intelligence,60
Cadet 13889,Larry Colella,maneuvering,36
Cadet 14367,Monica Hudson,teamwork,55
Cadet 13791,Emma Maisonet,intelligence,29
Cadet 13880,Robert Guzman,maneuvering,35
Cadet 14006,Annette Lackey,teamwork,36
Cadet 13904,Lynn Reese,intelligence,56
Cadet 13908,Sarah Parker,intelligence,15
Cadet 14346,Joyce Pflug,combat,19
Cadet 13913,Philip Leggett,maneuvering,99
Cadet 14387,Michael Setters,intelligence,92
Cadet 13998,Edward Saenz,teamwork,67
Cadet 14435,Mark Savage,teamwork,69
Cadet 13813,Timothy Fain,teamwork,98
Cadet 14205,Tyler Johnson,combat,24
Cadet 13797,Francis Oland,teamwork,37
Cadet 14489,Janice Sindorf,maneuvering,39
Cadet 13988,Irene Pliml,intelligence,28
Cadet 14232,Crystal Millsap,intelligence,71
Cadet 14440,Diana Young,combat,36
Cadet 13799,Norman Redenz,combat,100
Cadet 13911,Jerry Adams,intelligence,58
Cadet 14076,Irma Prescott,maneuvering,34
Cadet 14381,Linda May,teamwork,62
Cadet 14415,Teresa Wolfe,combat,54
Cadet 13827,Barbara Smith,combat,35
Cadet 14458,Asia Zamora,combat,51
Cadet 14350,Edward Schmidt,maneuvering,38
Cadet 14207,Charles White,maneuvering,87
Cadet 14239,Betty Shelton,combat,74
Cadet 13805,Christopher Castaneda,combat,43
Cadet 14214,Ramon Buser,maneuvering,93
Cadet 13834,Katie Winslow,combat,57
Cadet 13945,David Green,intelligence,47
Cadet 14072,Reginald Fast,combat,74
Cadet 14189,Agnes Mcdonnell,maneuvering,21
Cadet 14194,Lucille Atkinson,maneuvering,97
Cadet 13938,Ann Neal,teamwork,98
Cadet 14315,Elena Briseno,intelligence,91
Cadet 13891,Robert Steiner,combat,82
Cadet 14451,George Ripley,intelligence,20
Cadet 14474,Alexander Windish,intelligence,19
Cadet 13827,Barbara Smith,teamwork,17
Cadet 14339,Rebekah Sharp,intelligence,71
Cadet 14101,Jerry Weber,combat,61
Cadet 14287,Phillip Dowd,teamwork,76
Cadet 14320,Christopher Leavitt,intelligence,15
Cadet 14356,Rodney Crow,teamwork,98
Cadet 14074,Regina Kemp,intelligence,10
Cadet 13911,Jerry Adams,maneuvering,40
Cadet 14376,Michael Mayo,combat,54
Cadet 14441,Mary Hoffman,maneuvering,16
Cadet 14194,Lucille Atkinson,teamwork,60
Cadet 14014,Pearl Manteca,combat,98
Cadet 14427,William Baker,intelligence,68
Cadet 13784,Sophia Smith,teamwork,18
Cadet 14337,Jorge Phillips,maneuvering,86
Cadet 13820,Charles Lowe,teamwork,26
Cadet 14260,George Barrett,intelligence,90
Cadet 14293,Debra Silverstein,teamwork,39
Cadet 14042,David Snyder,teamwork,16
Cadet 13833,Hilda Simmons,teamwork,87
Cadet 13919,Edward Emerick,maneuvering,31
Cadet 13867,Anna Mcwhorter,combat,68
Cadet 13883,Vincent Risher,teamwork,61
Cadet 14227,Bradley Baker,combat,76
Cadet 14255,Minnie Lapidus,maneuvering,66
Cadet 14253,Ellis Jansen,maneuvering,17
Cadet 14251,Lina Hinton,maneuvering,92
Cadet 14466,Jason Moore,combat,96
Cadet 14390,Edward Hayes,combat,78
Cadet 13777,Carol Williams,combat,91
Cadet 13977,Darron Ortiz,teamwork,41
Cadet 14346,Joyce Pflug,teamwork,66
Cadet 14496,Julia Davis,maneuvering,81
Cadet 13787,Janet Segars,maneuvering,93
Cadet 14004,Ronald Harlow,combat,60
Cadet 13949,Daria Fechner,combat,34
Cadet 14043,Argelia Carrico,teamwork,21
Cadet 14273,Guy Oconnor,maneuvering,53
Cadet 13992,Richard Gray,maneuvering,27
Cadet 14354,Joshua Littman,combat,77
Cadet 13900,Steve Thurman,combat,83
Cadet 13913,Philip Leggett,combat,68
Cadet 13848,David Everett,intelligence,58
Cadet 14439,Lena Reyes,intelligence,47
Cadet 14234,India Penland,teamwork,41
Cadet 14457,Tammy Somerville,intelligence,40
Cadet 14449,Nellie Atkins,teamwork,76
Cadet 14301,Martha Turner,intelligence,28
Cadet 13953,Natalia Sandlin,maneuvering,30
Cadet 13788,Adam Garland,maneuvering,13
Cadet 14060,Regena Garcia,maneuvering,28
Cadet 13990,Patricia Daniels,maneuvering,41
Cadet 14109,Kathe Sandling,teamwork,35
Cadet 14177,Shirley Stansberry,teamwork,79
Cadet 14056,Shirley Chase,maneuvering,98
Cadet 14474,Alexander Windish,maneuvering,47
Cadet 14262,Clara Kuhl,intelligence,45
Cadet 14223,Kathern Carman,maneuvering,24
Cadet 13947,Arnold Lampkin,combat,31
Cadet 14200,Perry Padron,teamwork,15
Cadet 13836,Justine Rodrigues,combat,35
Cadet 13877,Pat Hallberg,maneuvering,21
Cadet 13868,Lonnie Stultz,combat,63
Cadet 13826,Luis Silvey,maneuvering,17
Cadet 13921,Andrea Camacho,maneuvering,26
Cadet 14087,Harold Dayton,maneuvering,74
Cadet 14475,Melvin Mayher,intelligence,82
Cadet 14358,Rachel Murphy,maneuvering,12
Cadet 14406,Elma Wermers,teamwork,33
Cadet 14135,Courtney Moldenhauer,teamwork,61
Cadet 14051,Margaret Farkas,maneuvering,70
Cadet 14339,Rebekah Sharp,teamwork,16
Cadet 14228,Alba Beatty,intelligence,79
Cadet 14018,Charles Walton,intelligence,87
Cadet 14198,Dianne Handley,combat,52
Cadet 14071,Joshua Goods,intelligence,84
Cadet 13920,Thomas Wilks,teamwork,36
Cadet 13914,Teresa Mandel,teamwork,97
Cadet 14288,Blanche Barba,teamwork,21
Cadet 14220,John Hanson,maneuvering,37
Cadet 14056,Shirley Chase,teamwork,55
Cadet 13882,Joseph Pipkins,teamwork,92
Cadet 14442,Beverly Gault,intelligence,100
Cadet 14130,Paul Santos,intelligence,92
Cadet 14243,Maria Kaufman,combat,20
Cadet 14308,Frank Yard,maneuvering,79
Cadet 14040,Brian Baker,combat,39
Cadet 14178,Mary Martinez,intelligence,74
Cadet 14288,Blanche Barba,maneuvering,29
Cadet 14139,Rich Naylor,teamwork,99
Cadet 14212,Linda Collins,teamwork,99
Cadet 14277,Edward James,intelligence,25
Cadet 14316,Anita Humphrey,combat,45
Cadet 14302,Tyra Chan,combat,67
Cadet 13896,Mitchel Matson,intelligence,64
Cadet 14081,Victor Key,combat,60
Cadet 13960,Linda Daugherty,intelligence,83
Cadet 13917,Tasha Gavin,teamwork,19
Cadet 14255,Minnie Lapidus,combat,20
Cadet 14113,Clara Baiz,combat,92
Cadet 14159,Sherri Adler,teamwork,43
Cadet 13965,Tracy Willis,intelligence,21
Cadet 14320,Christopher Leavitt,teamwork,85
Cadet 13966,Betty Schroeder,intelligence,67
Cadet 13944,Emma Palmo,intelligence,97
Cadet 14177,Shirley Stansberry,maneuvering,97
Cadet 14322,Ruby Bruce,teamwork,99
Cadet 14280,Catherine Smith,teamwork,93
Cadet 14340,Sally South,intelligence,43
Cadet 14470,Joseph Albus,intelligence,43
Cadet 14241,Frances Knowlton,maneuvering,56
Cadet 14150,Helga Bryan,teamwork,74
Cadet 13938,Ann Neal,intelligence,71
Cadet 14327,Virginia Blackburn,combat,17
Cadet 14272,Millicent Wilbon,maneuvering,34
Cadet 14353,Madge Landers,combat,82
Cadet 14420,Alberto Williams,maneuvering,41
Cadet 14296,Nannette Anderson,teamwork,40
Cadet 14232,Crystal Millsap,combat,63
Cadet 13827,Barbara Smith,intelligence,48
Cadet 14174,Otis Donaldson,maneuvering,71
Cadet 14456,George Yates,maneuvering,97
Cadet 13805,Christopher Castaneda,teamwork,88
Cadet 14324,Gloria Mueller,combat,60
Cadet 14373,John Sweeney,maneuvering,11
Cadet 14308,Frank Yard,intelligence,50
Cadet 14019,Dana Bruno,maneuvering,57
Cadet 13982,William Lacroix,intelligence,28
Cadet 14065,Ronnie Chism,intelligence,11
Cadet 14313,Thelma Popken,teamwork,66
Cadet 13783,Travis Meissner,teamwork,58
Cadet 14225,Loren Scherr,intelligence,93
Cadet 13953,Natalia Sandlin,teamwork,82
Cadet 13861,Traci Gouty,maneuvering,98
Cadet 14212,Linda Collins,intelligence,39
Cadet 13983,Mark Wendt,maneuvering,62
Cadet 14072,Reginald Fast,intelligence,86
Cadet 14044,Kim Swan,teamwork,29
Cadet 13889,Larry Colella,intelligence,47
Cadet 13853,Robert Greenstreet,teamwork,90
Cadet 13795,Roger Atkins,teamwork,70
Cadet 14402,Joshua Hudson,intelligence,22
Cadet 14313,Thelma Popken,combat,23
Cadet 14246,Maria Rusch,intelligence,82
Cadet 14294,Angela Morton,teamwork,23
Cadet 13841,Michael Campagna,maneuvering,81
Cadet 13857,Lauren Frey,maneuvering,88
Cadet 14414,Dora Garret,maneuvering,99
Cadet 14225,Loren Scherr,combat,20
Cadet 13816,Susan Willsey,teamwork,30
Cadet 13932,Douglas Haynes,teamwork,43
Cadet 14363,Jeremiah Krahn,intelligence,37
Cadet 14340,Sally South,combat,48
Cadet 13802,Nellie Pearson,intelligence,89
Cadet 14211,Terrance Thomas,teamwork,34
Cadet 13987,Stephen Cruz,combat,72
Cadet 14325,Mary Lavoy,maneuvering,49
Cadet 13930,Adam Bentz,intelligence,60
Cadet 13884,Omar Lynch,maneuvering,53
Cadet 14267,James Hall,teamwork,13
Cadet 13834,Katie Winslow,maneuvering,62
Cadet 14442,Beverly Gault,maneuvering,22
Cadet 14033,Beverly Jackson,maneuvering,42
Cadet 14469,Jason Williams,intelligence,93
Cadet 14014,Pearl Manteca,intelligence,100
Cadet 13983,Mark Wendt,combat,10
Cadet 14279,Mark Mehtani,teamwork,78
Cadet 13910,Adam Elliott,combat,72
Cadet 14456,George Yates,intelligence,59
Cadet 13984,Jose Cornwell,combat,67
Cadet 14118,Valerie Rode,combat,54
Cadet 14300,Silvana Rawling,maneuvering,63
Cadet 14164,Harry Carter,combat,79
Cadet 14468,Donna Dodimead,combat,96
Cadet 13841,Michael Campagna,intelligence,58
Cadet 13937,Mary Sikorski,maneuvering,38
Cadet 14392,Jacquelyn Rue,maneuvering,86
Cadet 13800,William Andrews,maneuvering,58
Cadet 14049,Leonard Keel,maneuvering,49
Cadet 14275,Jules Caricofe,intelligence,86
Cadet 14283,Albert Montoya,combat,30
Cadet 13841,Michael Campagna,combat,30
Cadet 14430,Clara Kennedy,teamwork,88
Cadet 13903,Nilda Lew,teamwork,18
Cadet 14258,Louise Vasquez,teamwork,60
Cadet 13965,Tracy Willis,teamwork,41
Cadet 14277,Edward James,combat,16
Cadet 13873,Joshua Gutierrez,intelligence,61
Cadet 13895,James Lavine,combat,68
Cadet 14172,Nora Madaras,intelligence,81
Cadet 14194,Lucille Atkinson,combat,39
Cadet 13950,Joseph Sipple,maneuvering,60
Cadet 13937,Mary Sikorski,intelligence,22
Cadet 14103,James Little,maneuvering,71
Cadet 14470,Joseph Albus,maneuvering,73
Cadet 14036,Christine Flamer,maneuvering,57
Cadet 14252,Hazel Berger,combat,37
Cadet 14419,Erica Bila,teamwork,83
Cadet 13881,Luba Kissler,intelligence,33
Cadet 13790,Chadwick Leuthold,teamwork,36
Cadet 14412,Vicki Rublee,combat,87
Cadet 14154,Antionette Mesiti,maneuvering,65
Cadet 14224,William Prioletti,intelligence,35
Cadet 14335,Shirley Davies,combat,68
Cadet 14160,Louise Smith,teamwork,64
Cadet 14442,Beverly Gault,combat,91
Cadet 13804,Jonathan Dyar,maneuvering,84
Cadet 14078,Walter Londono,intelligence,29
Cadet 13987,Stephen Cruz,maneuvering,86
Cadet 14228,Alba Beatty,maneuvering,66
Cadet 14421,Gregg Baxter,combat,39
Cadet 14262,Clara Kuhl,teamwork,49
Cadet 14445,Tori Fletcher,intelligence,45
Cadet 13968,Joseph Parks,combat,92
Cadet 13944,Emma Palmo,teamwork,39
Cadet 14275,Jules Caricofe,teamwork,94
Cadet 13901,Jaime Marcum,intelligence,42
Cadet 14105,James Gonzalez,maneuvering,25
Cadet 14404,Robin Olson,intelligence,59
Cadet 14024,Jane Kropp,intelligence,45
Cadet 13959,Timothy Lynn,teamwork,74
Cadet 14339,Rebekah Sharp,combat,23
Cadet 13924,Juan Golden,teamwork,34
Cadet 14124,Wayne Huffman,teamwork,63
Cadet 14315,Elena Briseno,teamwork,82
Cadet 14244,Keith Paddock,maneuvering,83
Cadet 14354,Joshua Littman,maneuvering,48
Cadet 14154,Antionette Mesiti,intelligence,52
Cadet 13866,Linda Le,intelligence,54
Cadet 14427,William Baker,maneuvering,81
Cadet 13959,Timothy Lynn,maneuvering,71
Cadet 13914,Teresa Mandel,maneuvering,17
Cadet 14335,Shirley Davies,maneuvering,13
Cadet 14425,Mary King,intelligence,13
Cadet 14351,Marilyn Tinsley,maneuvering,81
Cadet 14463,Nancy Jackson,teamwork,45
Cadet 14137,Justin Harian,maneuvering,52
Cadet 13790,Chadwick Leuthold,maneuvering,98
Cadet 13812,Rosie Keys,maneuvering,54
Cadet 13780,Brandi Robinson,intelligence,68
Cadet 14186,John Stutler,intelligence,78
Cadet 13849,Michael Wofford,intelligence,63
Cadet 13781,Marion Erebia,combat,74
Cadet 13928,Danny Herrera,intelligence,91
Cadet 14124,Wayne Huffman,intelligence,44
Cadet 14441,Mary Hoffman,combat,31
Cadet 13878,Melissa Walters,combat,100
Cadet 13779,Robert Banks,teamwork,74
Cadet 14486,James Renteria,teamwork,21
Cadet 14141,Dawn Holley,maneuvering,80
Cadet 13884,Omar Lynch,combat,10
Cadet 13942,Joshua Bailey,combat,95
Cadet 14067,Ruth Green,teamwork,65
Cadet 14073,Joel Webster,intelligence,87
Cadet 14141,Dawn Holley,intelligence,69
Cadet 13960,Linda Daugherty,combat,31
Cadet 13834,Katie Winslow,intelligence,65
Cadet 13822,Pauline Grobmyer,intelligence,57
Cadet 14476,Ruth Austin,teamwork,87
Cadet 14105,James Gonzalez,intelligence,76
Cadet 13851,Sherman Mckenna,combat,34
Cadet 14069,Wendy Washing,combat,18
Cadet 14008,Linda Hebert,intelligence,55
Cadet 14045,John Glidewell,intelligence,82
Cadet 14045,John Glidewell,combat,78
Cadet 14344,Martin Givens,teamwork,95
Cadet 13782,Chester Bacon,teamwork,34
Cadet 14327,Virginia Blackburn,teamwork,29
Cadet 14150,Helga Bryan,intelligence,79
Cadet 13880,Robert Guzman,combat,83
Cadet 14078,Walter Londono,teamwork,95
Cadet 14242,Lauren Hicks,combat,61
Cadet 14107,Jane Pierce,teamwork,74
Cadet 14216,Joy Smalls,maneuvering,27
Cadet 14123,Lana Gessel,teamwork,31
Cadet 13939,Dedra Costello,combat,88
Cadet 13857,Lauren Frey,intelligence,64
Cadet 13851,Sherman Mckenna,intelligence,98
Cadet 14218,Kelly Johnson,intelligence,59
Cadet 13870,Leah Crary,combat,93
Cadet 13990,Patricia Daniels,intelligence,72
Cadet 14486,James Renteria,intelligence,28
Cadet 13958,Monique Desroches,combat,87
Cadet 13824,Shirley Carlstrom,combat,97
Cadet 13966,Betty Schroeder,maneuvering,46
Cadet 14319,Cynthia Davidson,combat,67
Cadet 14406,Elma Wermers,maneuvering,82
Cadet 13992,Richard Gray,intelligence,80
Cadet 14197,John Carr,maneuvering,29
Cadet 14338,Mary Tockey,intelligence,42
Cadet 13939,Dedra Costello,teamwork,45
Cadet 14377,Connie Coleman,intelligence,52
Cadet 14489,Janice Sindorf,combat,49
Cadet 13819,Gwendolyn Trotter,combat,46
Cadet 13832,Irene Becerra,teamwork,62
Cadet 13839,Louise Godfrey,combat,74
Cadet 13981,Sarah Darrin,maneuvering,15
Cadet 14445,Tori Fletcher,teamwork,33
Cadet 14387,Michael Setters,maneuvering,81
Cadet 13962,Charles Thomas,intelligence,34
Cadet 14129,Carol Brasher,maneuvering,69
Cadet 14452,Kimberly Cordell,combat,42
Cadet 14272,Millicent Wilbon,combat,47
Cadet 14014,Pearl Manteca,teamwork,71
Cadet 14211,Terrance Thomas,intelligence,84
Cadet 14157,Ashley Nelson,teamwork,69
Cadet 14074,Regina Kemp,maneuvering,85
Cadet 14341,Nella Mckay,combat,52
Cadet 14309,Maria Long,teamwork,14
Cadet 13998,Edward Saenz,maneuvering,35
Cadet 13805,Christopher Castaneda,intelligence,65
Cadet 13896,Mitchel Matson,teamwork,100
Cadet 13910,Adam Elliott,intelligence,31
Cadet 14384,Lois Loch,teamwork,77
Cadet 13883,Vincent Risher,intelligence,92
Cadet 13987,Stephen Cruz,teamwork,45
Cadet 14082,Paul Castillo,maneuvering,83
Cadet 14225,Loren Scherr,teamwork,79
Cadet 13906,Staci Alexandre,combat,31
Cadet 13870,Leah Crary,teamwork,74
Cadet 14013,Carolyn Johnson,intelligence,10
Cadet 14071,Joshua Goods,teamwork,29
Cadet 14275,Jules Caricofe,combat,15
Cadet 13888,Maria Thurston,intelligence,59
Cadet 14113,Clara Baiz,teamwork,10
Cadet 13865,Troy Cass,teamwork,85
Cadet 14417,William Henley,maneuvering,85
Cadet 13855,Kathy Garner,teamwork,65
Cadet 13956,Clarence Chu,intelligence,86
Cadet 14001,Zachary Petersen,intelligence,95
Cadet 13784,Sophia Smith,combat,55
Cadet 14107,Jane Pierce,maneuvering,74
Cadet 14228,Alba Beatty,teamwork,58
Cadet 13922,Michael Weber,teamwork,65
Cadet 13955,Derek Hughes,maneuvering,38
Cadet 14414,Dora Garret,teamwork,41
Cadet 13938,Ann Neal,maneuvering,50
Cadet 13903,Nilda Lew,intelligence,35
Cadet 14233,James Williams,maneuvering,26
Cadet 14345,Margarita Flohr,combat,84
Cadet 13902,Jennifer Olson,intelligence,13
Cadet 13928,Danny Herrera,maneuvering,78
Cadet 14008,Linda Hebert,combat,39
Cadet 14384,Lois Loch,combat,68
Cadet 13954,Adena Hatfield,maneuvering,50
Cadet 14103,James Little,teamwork,42
Cadet 14314,Ralph Russell,combat,90
Cadet 13942,Joshua Bailey,intelligence,87
Cadet 14150,Helga Bryan,combat,73
Cadet 13780,Brandi Robinson,maneuvering,66
Cadet 13853,Robert Greenstreet,intelligence,48
Cadet 14293,Debra Silverstein,intelligence,72
Cadet 14004,Ronald Harlow,maneuvering,48
Cadet 13817,Shelby Tippin,combat,48
Cadet 13991,Horace Hooker,intelligence,43
Cadet 14174,Otis Donaldson,teamwork,11
Cadet 14240,Denise Mohr,intelligence,51
Cadet 14214,Ramon Buser,intelligence,55
Cadet 14285,William Sapp,maneuvering,41
Cadet 13970,Sylvia Rouse,intelligence,89
Cadet 13902,Jennifer Olson,teamwork,61
Cadet 14404,Robin Olson,teamwork,61
Cadet 14497,Gregory Gibson,maneuvering,24
Cadet 14035,Brandon Cannon,combat,85
Cadet 14188,David Luce,combat,30
Cadet 13809,Sean Pleasant,maneuvering,60
Cadet 14366,Shirley Turner,combat,64
Cadet 13974,Ashley Kirby,teamwork,38
Cadet 14477,Troy Noya,combat,80
Cadet 14427,William Baker,teamwork,67
Cadet 14314,Ralph Russell,teamwork,35
Cadet 13921,Andrea Camacho,combat,25
Cadet 14209,Michael Rowley,teamwork,98
Cadet 14006,Annette Lackey,intelligence,59
Cadet 14119,Corine Marano,maneuvering,26
Cadet 13984,Jose Cornwell,maneuvering,48
Cadet 14356,Rodney Crow,combat,78
Cadet 14219,Jackie Meredith,combat,69
Cadet 14104,Christine Mercure,intelligence,71
Cadet 14388,Christine Weddington,intelligence,77
Cadet 14022,Isaiah Wathen,maneuvering,59
Cadet 14455,Brian Bejar,intelligence,64
Cadet 13866,Linda Le,combat,57
Cadet 14475,Melvin Mayher,maneuvering,78
Cadet 14430,Clara Kennedy,combat,84
Cadet 14423,Michael Green,combat,34
Cadet 13819,Gwendolyn Trotter,maneuvering,39
Cadet 14267,James Hall,intelligence,64
Cadet 14402,Joshua Hudson,teamwork,73
Cadet 14046,Joseph Lemus,combat,39
Cadet 14462,Noel Chaplin,teamwork,28
Cadet 14450,Wayne Wiggins,intelligence,69
Cadet 14141,Dawn Holley,combat,74
Cadet 14100,Ann Wells,intelligence,96
Cadet 13812,Rosie Keys,intelligence,99
Cadet 14286,Charles Jackson,intelligence,93
Cadet 14371,Dustin Cortez,combat,47
Cadet 14273,Guy Oconnor,teamwork,62
Cadet 13989,Christine Parson,maneuvering,59
Cadet 14046,Joseph Lemus,maneuvering,85
Cadet 14469,Jason Williams,maneuvering,43
Cadet 14283,Albert Montoya,teamwork,30
Cadet 13955,Derek Hughes,intelligence,55
Cadet 14180,Estella Meier,combat,43
Cadet 14155,Sharon Clevenger,combat,54
Cadet 14130,Paul Santos,combat,24
Cadet 14113,Clara Baiz,maneuvering,62
Cadet 14468,Donna Dodimead,maneuvering,98
Cadet 14485,Kathleen Slagle,combat,24
Cadet 14092,Frank Percy,combat,82
Cadet 14231,Genevieve Smith,teamwork,11
Cadet 14158,Alice Bledsaw,teamwork,16
Cadet 14175,Christina Arroyo,teamwork,22
Cadet 14070,Douglas Cantrell,maneuvering,68
Cadet 14273,Guy Oconnor,combat,11
Cadet 14109,Kathe Sandling,maneuvering,19
Cadet 14068,Hunter Moreno,maneuvering,75
Cadet 14134,Helen Metz,intelligence,87
Cadet 14461,Scott Gamez,intelligence,73
Cadet 14081,Victor Key,maneuvering,48
Cadet 13891,Robert Steiner,intelligence,23
Cadet 14359,Mary Harris,maneuvering,63
Cadet 13968,Joseph Parks,maneuvering,25
Cadet 14027,Tammera Edwards,teamwork,26
Cadet 13947,Arnold Lampkin,teamwork,44
Cadet 14457,Tammy Somerville,combat,70
Cadet 14074,Regina Kemp,teamwork,91
Cadet 14451,George Ripley,combat,32
Cadet 14119,Corine Marano,combat,11
Cadet 13922,Michael Weber,combat,49
Cadet 13950,Joseph Sipple,combat,38
Cadet 14055,Linda Browne,combat,88
Cadet 14118,Valerie Rode,maneuvering,95
Cadet 14118,Valerie Rode,teamwork,63
Cadet 14157,Ashley Nelson,intelligence,31
Cadet 14003,Nerissa Landry,combat,67
Cadet 14126,Betty Bordelon,maneuvering,52
Cadet 13947,Arnold Lampkin,intelligence,30
Cadet 14347,Lynn Deep,intelligence,94
Cadet 13918,Ryan Mitchell,maneuvering,79
Cadet 14329,Lavon Dickinson,teamwork,67
Cadet 14358,Rachel Murphy,teamwork,62
Cadet 13776,Melinda Starr,maneuvering,52
Cadet 14003,Nerissa Landry,maneuvering,57
Cadet 14406,Elma Wermers,intelligence,76
Cadet 14203,Todd Coleman,teamwork,50
Cadet 13858,Buddy Thomas,intelligence,98
Cadet 14101,Jerry Weber,maneuvering,33
Cadet 14002,Barbara Harrelson,teamwork,24
Cadet 14409,Roberta Elliott,maneuvering,64
Cadet 14372,Ezekiel Steed,teamwork,91
Cadet 13829,Kristine Carbone,maneuvering,54
Cadet 14126,Betty Bordelon,intelligence,96
Cadet 13793,Daniel Amari,combat,75
Cadet 14286,Charles Jackson,teamwork,49
Cadet 14329,Lavon Dickinson,maneuvering,46
Cadet 14029,Emma Noble,combat,33
Cadet 14496,Julia Davis,intelligence,63
Cadet 14292,Jon Sparks,teamwork,42
Cadet 14267,James Hall,combat,76
Cadet 14194,Lucille Atkinson,intelligence,71
Cadet 13889,Larry Colella,combat,33
Cadet 13856,Louis Gilbert,maneuvering,42
Cadet 13777,Carol Williams,teamwork,37
Cadet 14296,Nannette Anderson,intelligence,97
Cadet 13812,Rosie Keys,combat,66
Cadet 14485,Kathleen Slagle,maneuvering,81
Cadet 13884,Omar Lynch,intelligence,52
Cadet 14063,Vincent Gilstad,maneuvering,10
Cadet 14492,Leroy Hilliard,teamwork,29
Cadet 13871,Janet Murphy,intelligence,45
Cadet 14377,Connie Coleman,teamwork,11
Cadet 13990,Patricia Daniels,teamwork,32
Cadet 13851,Sherman Mckenna,teamwork,87
Cadet 14459,Leslie Dunlap,combat,19
Cadet 14233,James Williams,teamwork,72
Cadet 14388,Christine Weddington,teamwork,75
Cadet 14459,Leslie Dunlap,intelligence,92
Cadet 13952,Ray Reyes,combat,30
Cadet 14128,Paul Olberding,combat,63
Cadet 13906,Staci Alexandre,intelligence,36
Cadet 14235,Tamar Johnson,combat,78
Cadet 13873,Joshua Gutierrez,teamwork,82
Cadet 14024,Jane Kropp,combat,58
Cadet 14224,William Prioletti,teamwork,60
Cadet 14317,Stefania Rhodes,teamwork,34
Cadet 14246,Maria Rusch,combat,83
Cadet 14137,Justin Harian,combat,95
Cadet 14221,Dale Winston,intelligence,87
Cadet 13802,Nellie Pearson,maneuvering,43
Cadet 14413,Gary Merkerson,teamwork,10
Cadet 13935,Matthew Chenault,intelligence,42
Cadet 14333,Mauro Hunt,combat,13
Cadet 14449,Nellie Atkins,intelligence,89
Cadet 14418,Emma Rodgers,maneuvering,78
Cadet 14371,Dustin Cortez,teamwork,39
Cadet 13913,Philip Leggett,intelligence,66
Cadet 14300,Silvana Rawling,teamwork,84
Cadet 13810,Karen Harrison,teamwork,79
Cadet 14089,Jame Baumgarter,maneuvering,74
Cadet 14248,Terri Hutcherson,teamwork,74
Cadet 14032,Carrie Robbins,maneuvering,85
Cadet 14279,Mark Mehtani,maneuvering,11
Cadet 14306,Ella Flesher,teamwork,55
Cadet 13895,James Lavine,teamwork,88
Cadet 14352,Craig Martin,intelligence,70
Cadet 13822,Pauline Grobmyer,combat,19
Cadet 13822,Pauline Grobmyer,teamwork,62
Cadet 13936,Stephanie Whigham,combat,13
Cadet 14137,Justin Harian,intelligence,57
Cadet 14272,Millicent Wilbon,intelligence,20
Cadet 14142,Abraham Richards,maneuvering,11
Cadet 13894,Alma Kramer,intelligence,72
Cadet 14256,Jamie Middleton,maneuvering,79
Cadet 13891,Robert Steiner,teamwork,32
Cadet 14479,Amy Kerr,maneuvering,36
Cadet 14080,Cheryl Ramirez,teamwork,35
Cadet 14480,Sara Banks,intelligence,28
Cadet 14244,Keith Paddock,intelligence,55
Cadet 14285,William Sapp,combat,30
Cadet 13961,Carl Boyers,combat,35
Cadet 14476,Ruth Austin,intelligence,92
Cadet 14366,Shirley Turner,intelligence,22
Cadet 14423,Michael Green,maneuvering,87
Cadet 14005,Betty Brackett,teamwork,77
Cadet 13812,Rosie Keys,teamwork,100
Cadet 13904,Lynn Reese,teamwork,67
Cadet 14354,Joshua Littman,intelligence,83
Cadet 13910,Adam Elliott,maneuvering,26
Cadet 14239,Betty Shelton,intelligence,99
Cadet 14306,Ella Flesher,combat,22
Cadet 14277,Edward James,maneuvering,66
Cadet 13848,David Everett,teamwork,62
Cadet 13936,Stephanie Whigham,maneuvering,83
Cadet 14104,Christine Mercure,combat,57
Cadet 13855,Kathy Garner,intelligence,48
Cadet 13983,Mark Wendt,teamwork,80
Cadet 14044,Kim Swan,intelligence,70
Cadet 13990,Patricia Daniels,combat,19
Cadet 14012,Linda Nelms,maneuvering,96
Cadet 14344,Martin Givens,intelligence,52
Cadet 14029,Emma Noble,teamwork,75
Cadet 14050,Bradley Wise,intelligence,45
Cadet 13964,Francisco Demars,combat,65
Cadet 13982,William Lacroix,teamwork,50
Cadet 14372,Ezekiel Steed,combat,36
Cadet 14371,Dustin Cortez,maneuvering,50
Cadet 14336,Roger Beckham,intelligence,43
Cadet 14496,Julia Davis,teamwork,20
Cadet 13877,Pat Hallberg,intelligence,45
Cadet 13930,Adam Bentz,combat,90
Cadet 13848,David Everett,combat,69
Cadet 14075,Joseph Phares,intelligence,89
Cadet 13806,Steve Pulliam,intelligence,27
Cadet 13800,William Andrews,combat,94
Cadet 14055,Linda Browne,maneuvering,89
Cadet 13782,Chester Bacon,maneuvering,55
Cadet 14073,Joel Webster,maneuvering,42
Cadet 14209,Michael Rowley,intelligence,85
Cadet 13995,Thomas Sanches,intelligence,88
Cadet 14477,Troy Noya,intelligence,19
Cadet 14325,Mary Lavoy,teamwork,63
Cadet 14401,Christopher Grondin,intelligence,94
Cadet 14167,Betty Fields,intelligence,65
Cadet 14404,Robin Olson,combat,27
Cadet 13813,Timothy Fain,intelligence,31
Cadet 13944,Emma Palmo,maneuvering,53
Cadet 13836,Justine Rodrigues,intelligence,79
Cadet 14455,Brian Bejar,teamwork,97
Cadet 13835,Robert Walker,intelligence,60
Cadet 14345,Margarita Flohr,maneuvering,18
Cadet 13898,William Martin,maneuvering,30
Cadet 13914,Teresa Mandel,combat,95
Cadet 14302,Tyra Chan,intelligence,17
Cadet 14151,Stephen Tasson,combat,52
Cadet 13817,Shelby Tippin,teamwork,96
Cadet 14333,Mauro Hunt,intelligence,43
Cadet 13793,Daniel Amari,intelligence,53
Cadet 14411,Frank Mcintosh,maneuvering,15
Cadet 14249,Robin Macias,maneuvering,61
Cadet 14360,Raymond Malady,teamwork,60
Cadet 14333,Mauro Hunt,maneuvering,23
Cadet 13931,Evelyn Poirier,intelligence,79
Cadet 14018,Charles Walton,teamwork,21
Cadet 14485,Kathleen Slagle,teamwork,98
Cadet 14314,Ralph Russell,intelligence,46
Cadet 13949,Daria Fechner,teamwork,94
Cadet 14216,Joy Smalls,teamwork,99
Cadet 14370,James Delarosa,intelligence,87
Cadet 14489,Janice Sindorf,intelligence,98
Cadet 14318,Kelly Fitts,intelligence,21
Cadet 13874,Eric Bell,maneuvering,15
Cadet 14256,Jamie Middleton,teamwork,90
Cadet 14047,Donald Pitcher,combat,67
Cadet 14178,Mary Martinez,combat,49
Cadet 14492,Leroy Hilliard,maneuvering,76
Cadet 14412,Vicki Rublee,teamwork,31
Cadet 14005,Betty Brackett,maneuvering,74
Cadet 14056,Shirley Chase,combat,35
Cadet 14474,Alexander Windish,combat,74
Cadet 13954,Adena Hatfield,combat,58
Cadet 14336,Roger Beckham,teamwork,86
Cadet 14251,Lina Hinton,combat,47
Cadet 13959,Timothy Lynn,combat,19
Cadet 14410,Arlene Hernandez,intelligence,49
Cadet 14079,Emilia Kahrs,maneuvering,63
Cadet 13977,Darron Ortiz,combat,80
Cadet 14197,John Carr,intelligence,93
Cadet 14240,Denise Mohr,maneuvering,14
Cadet 14479,Amy Kerr,combat,15
Cadet 14100,Ann Wells,combat,88
Cadet 14177,Shirley Stansberry,intelligence,87
Cadet 14404,Robin Olson,maneuvering,52
Cadet 13822,Pauline Grobmyer,maneuvering,18
Cadet 14242,Lauren Hicks,maneuvering,16
Cadet 14139,Rich Naylor,combat,64
Cadet 14235,Tamar Johnson,maneuvering,94
Cadet 14338,Mary Tockey,maneuvering,74
Cadet 14112,Martha Jones,combat,61
Cadet 14489,Janice Sindorf,teamwork,66
Cadet 14277,Edward James,teamwork,100
Cadet 14273,Guy Oconnor,intelligence,71
Cadet 14227,Bradley Baker,teamwork,22
Cadet 14394,Tony Luckett,teamwork,13
Cadet 14337,Jorge Phillips,intelligence,12
Cadet 14283,Albert Montoya,maneuvering,53
Cadet 14065,Ronnie Chism,combat,86
Cadet 14062,Pamela Thiele,maneuvering,77
Cadet 14045,John Glidewell,maneuvering,45
Cadet 14137,Justin Harian,teamwork,82
Cadet 13963,Samuel Smith,combat,68
Cadet 14471,Mary Melroy,combat,67
Cadet 14149,Nicole Craft,intelligence,71
Cadet 14280,Catherine Smith,maneuvering,13
Cadet 14011,Jay Underwood,teamwork,29
Cadet 13963,Samuel Smith,teamwork,98
Cadet 13791,Emma Maisonet,teamwork,29
Cadet 13863,James Cerda,combat,83
Cadet 14392,Jacquelyn Rue,combat,99
Cadet 13964,Francisco Demars,teamwork,75
Cadet 13803,Dawn Shaver,maneuvering,51
Cadet 14077,Eleanore Morse,combat,52
Cadet 14135,Courtney Moldenhauer,maneuvering,13
Cadet 14297,Charles Bell,teamwork,90
Cadet 13799,Norman Redenz,teamwork,31
Cadet 14324,Gloria Mueller,teamwork,39
Cadet 13974,Ashley Kirby,combat,80
Cadet 14297,Charles Bell,maneuvering,91
Cadet 14260,George Barrett,combat,22
Cadet 13980,Roger Parsons,intelligence,93
Cadet 14424,Sarah Diaz,teamwork,83
Cadet 14254,Bryan Hage,maneuvering,15
Cadet 14345,Margarita Flohr,teamwork,58
Cadet 13942,Joshua Bailey,teamwork,35
Cadet 13962,Charles Thomas,maneuvering,44
Cadet 13987,Stephen Cruz,intelligence,12
Cadet 14014,Pearl Manteca,maneuvering,90
Cadet 14231,Genevieve Smith,intelligence,45
Cadet 14018,Charles Walton,maneuvering,78
Cadet 13868,Lonnie Stultz,teamwork,11
Cadet 14246,Maria Rusch,teamwork,21
Cadet 14410,Arlene Hernandez,teamwork,93
Cadet 13783,Travis Meissner,maneuvering,50
Cadet 14288,Blanche Barba,combat,92
Cadet 14036,Christine Flamer,teamwork,47
Cadet 14472,Frances South,intelligence,51
Cadet 14106,Paul Payne,teamwork,45
Cadet 13979,Joshua Majors,maneuvering,79
Cadet 13962,Charles Thomas,teamwork,22
Cadet 13799,Norman Redenz,intelligence,61
Cadet 14345,Margarita Flohr,intelligence,89
Cadet 13853,Robert Greenstreet,combat,33
Cadet 14203,Todd Coleman,combat,67
Cadet 14350,Edward Schmidt,combat,29
Cadet 13938,Ann Neal,combat,17
Cadet 14079,Emilia Kahrs,intelligence,51
Cadet 13928,Danny Herrera,combat,46
Cadet 13874,Eric Bell,intelligence,80
Cadet 14155,Sharon Clevenger,teamwork,26
Cadet 14134,Helen Metz,teamwork,25
Cadet 14327,Virginia Blackburn,maneuvering,93
Cadet 14022,Isaiah Wathen,teamwork,35
Cadet 14471,Mary Melroy,intelligence,44
Cadet 13939,Dedra Costello,intelligence,31
Cadet 14389,Mary Thompson,combat,79
Cadet 14458,Asia Zamora,intelligence,97
Cadet 14260,George Barrett,teamwork,30
Cadet 14119,Corine Marano,intelligence,52
Cadet 14326,Rita Flores,maneuvering,97
Cadet 13920,Thomas Wilks,maneuvering,85
Cadet 14141,Dawn Holley,teamwork,46
Cadet 13978,Paul Hinds,teamwork,42
Cadet 14435,Mark Savage,maneuvering,13
Cadet 14456,George Yates,combat,45
Cadet 13877,Pat Hallberg,combat,87
Cadet 14431,Jane Campbell,teamwork,62
Cadet 13888,Maria Thurston,maneuvering,48
Cadet 14199,Marcus Spence,teamwork,96
Cadet 13871,Janet Murphy,maneuvering,57
Cadet 13926,Deshawn Holloway,teamwork,44
Cadet 14052,Pamela Turcotte,teamwork,19
Cadet 14179,William Woo,intelligence,46
Cadet 13959,Timothy Lynn,intelligence,30
Cadet 14314,Ralph Russell,maneuvering,77
Cadet 13937,Mary Sikorski,teamwork,25
Cadet 14324,Gloria Mueller,intelligence,75
Cadet 13960,Linda Daugherty,teamwork,78
Cadet 13837,Tena Valentine,teamwork,34
Cadet 13881,Luba Kissler,combat,14
Cadet 14495,Edgar Franco,maneuvering,85
Cadet 14108,Barbara Garza,intelligence,80
Cadet 13839,Louise Godfrey,teamwork,86
Cadet 14089,Jame Baumgarter,intelligence,87
Cadet 13924,Juan Golden,intelligence,33
Cadet 13803,Dawn Shaver,intelligence,77
Cadet 13917,Tasha Gavin,maneuvering,10
Cadet 13935,Matthew Chenault,maneuvering,25
Cadet 14080,Cheryl Ramirez,maneuvering,55
Cadet 13873,Joshua Gutierrez,combat,43
Cadet 14429,Timothy Fox,combat,54
Cadet 14067,Ruth Green,intelligence,92
Cadet 14188,David Luce,maneuvering,71
Cadet 13847,Gary Ward,combat,35
Cadet 14292,Jon Sparks,intelligence,74
Cadet 14154,Antionette Mesiti,teamwork,74
Cadet 13971,Andrea Stewart,teamwork,31
Cadet 13804,Jonathan Dyar,intelligence,33
Cadet 14410,Arlene Hernandez,maneuvering,51
Cadet 13940,Amanda Crenshaw,maneuvering,56
Cadet 14477,Troy Noya,teamwork,35
Cadet 14130,Paul Santos,maneuvering,22
Cadet 14044,Kim Swan,combat,58
Cadet 14340,Sally South,maneuvering,10
Cadet 14067,Ruth Green,maneuvering,68
Cadet 13782,Chester Bacon,intelligence,70
Cadet 13989,Christine Parson,combat,26
Cadet 13899,Carolyn Gray,intelligence,66
Cadet 14236,Lily Ortega,teamwork,94
Cadet 13816,Susan Willsey,maneuvering,80
Cadet 13954,Adena Hatfield,intelligence,73
Cadet 14488,Mary Mack,intelligence,36
Cadet 13955,Derek Hughes,combat,46
Cadet 14033,Beverly Jackson,teamwork,48
Cadet 14260,George Barrett,maneuvering,84
Cadet 14076,Irma Prescott,combat,27
Cadet 14069,Wendy Washing,teamwork,37
Cadet 13919,Edward Emerick,teamwork,28
Cadet 14460,Esther Edwards,teamwork,32
Cadet 13852,Beverly Wilson,combat,48
Cadet 14463,Nancy Jackson,combat,59
Cadet 14466,Jason Moore,intelligence,72
Cadet 13980,Roger Parsons,teamwork,74
Cadet 14155,Sharon Clevenger,maneuvering,53
Cadet 14168,Lenard Dake,teamwork,86
Cadet 13978,Paul Hinds,maneuvering,84
Cadet 13878,Melissa Walters,teamwork,52
Cadet 14341,Nella Mckay,teamwork,18
Cadet 14409,Roberta Elliott,combat,64
Cadet 14041,Connie Smith,combat,89
Cadet 14081,Victor Key,intelligence,63
Cadet 13849,Michael Wofford,maneuvering,17
Cadet 14471,Mary Melroy,teamwork,63
Cadet 14188,David Luce,intelligence,17
Cadet 14257,Timothy Andrew,maneuvering,46
Cadet 14300,Silvana Rawling,intelligence,20
Cadet 13865,Troy Cass,maneuvering,78
Cadet 14441,Mary Hoffman,intelligence,18
Cadet 14081,Victor Key,teamwork,26
Cadet 13911,Jerry Adams,teamwork,21
Cadet 13813,Timothy Fain,combat,54
Cadet 13909,Linda Carter,combat,28
Cadet 14466,Jason Moore,maneuvering,58
Cadet 13856,Louis Gilbert,combat,77
Cadet 13815,Sondra Blais,teamwork,59
Cadet 14330,Gary Biancardi,teamwork,28
Cadet 14457,Tammy Somerville,maneuvering,100
Cadet 13809,Sean Pleasant,teamwork,89
Cadet 14145,Mary Kryst,teamwork,38
Cadet 14123,Lana Gessel,intelligence,66
Cadet 13852,Beverly Wilson,intelligence,18
Cadet 14301,Martha Turner,teamwork,18
Cadet 14421,Gregg Baxter,maneuvering,29
Cadet 14309,Maria Long,maneuvering,29
Cadet 14342,Ivan Rice,combat,79
Cadet 14486,James Renteria,maneuvering,12
Cadet 13832,Irene Becerra,combat,31
Cadet 14186,John Stutler,combat,62
Cadet 14457,Tammy Somerville,teamwork,16
Cadet 14467,Anthony Budde,maneuvering,53
Cadet 14466,Jason Moore,teamwork,13
Cadet 14328,Mary Stock,teamwork,35
Cadet 14251,Lina Hinton,intelligence,38
Cadet 14005,Betty Brackett,intelligence,81
Cadet 14042,David Snyder,maneuvering,39
Cadet 14245,Wilma Knowles,intelligence,78
Cadet 14050,Bradley Wise,maneuvering,94
Cadet 14004,Ronald Harlow,intelligence,29
Cadet 13821,Hazel Cass,combat,80
Cadet 13936,Stephanie Whigham,intelligence,12
Cadet 14414,Dora Garret,combat,23
Cadet 14399,Victoria Patterson,teamwork,28
Cadet 13838,Rebecca Helms,combat,66
Cadet 14029,Emma Noble,intelligence,67
Cadet 14346,Joyce Pflug,intelligence,30
Cadet 14235,Tamar Johnson,intelligence,39
Cadet 13880,Robert Guzman,intelligence,48
Cadet 14384,Lois Loch,intelligence,22
Cadet 14319,Cynthia Davidson,maneuvering,36
Cadet 13903,Nilda Lew,combat,98
Cadet 14145,Mary Kryst,maneuvering,12
Cadet 14108,Barbara Garza,combat,73
Cadet 14449,Nellie Atkins,combat,78
Cadet 13837,Tena Valentine,maneuvering,81
Cadet 14363,Jeremiah Krahn,maneuvering,82
Cadet 14423,Michael Green,intelligence,27
Cadet 14164,Harry Carter,teamwork,18
Cadet 13857,Lauren Frey,combat,87
Cadet 14423,Michael Green,teamwork,58
Cadet 14224,William Prioletti,maneuvering,59
Cadet 14257,Timothy Andrew,teamwork,29
Cadet 14268,Alfredo Brooks,intelligence,17
Cadet 14377,Connie Coleman,combat,83
Cadet 14253,Ellis Jansen,combat,28
Cadet 14113,Clara Baiz,intelligence,67
Cadet 14469,Jason Williams,combat,98
Cadet 14236,Lily Ortega,intelligence,87
Cadet 14420,Alberto Williams,teamwork,19
Cadet 14052,Pamela Turcotte,combat,85
Cadet 14334,Raphael Taylor,intelligence,38
Cadet 14072,Reginald Fast,teamwork,20
Cadet 14146,Angela Melendez,maneuvering,53
Cadet 13981,Sarah Darrin,teamwork,58
Cadet 14031,Juanita Michel,teamwork,14
Cadet 13878,Melissa Walters,maneuvering,83
Cadet 13895,James Lavine,intelligence,55
Cadet 14390,Edward Hayes,teamwork,63
Cadet 14255,Minnie Lapidus,intelligence,71
Cadet 14013,Carolyn Johnson,teamwork,16
Cadet 14041,Connie Smith,teamwork,12
Cadet 13782,Chester Bacon,combat,72
Cadet 14270,Susanne Rosecrans,teamwork,98
Cadet 14103,James Little,combat,50
Cadet 14452,Kimberly Cordell,intelligence,25
Cadet 14442,Beverly Gault,teamwork,43
Cadet 14450,Wayne Wiggins,teamwork,92
Cadet 14027,Tammera Edwards,intelligence,54
Cadet 14269,Barbara Zacharias,maneuvering,46
Cadet 14316,Anita Humphrey,teamwork,70
Cadet 14468,Donna Dodimead,intelligence,95
Cadet 13906,Staci Alexandre,maneuvering,42
Cadet 13776,Melinda Starr,teamwork,22
Cadet 14129,Carol Brasher,intelligence,77
Cadet 14175,Christina Arroyo,maneuvering,24
Cadet 14058,Tracy Lamm,intelligence,58
Cadet 14452,Kimberly Cordell,teamwork,79
Cadet 13942,Joshua Bailey,maneuvering,12
Cadet 13917,Tasha Gavin,intelligence,44
Cadet 13978,Paul Hinds,intelligence,74
Cadet 14325,Mary Lavoy,combat,43
Cadet 14100,Ann Wells,teamwork,33
Cadet 14013,Carolyn Johnson,combat,58
Cadet 14064,Frank Smallwood,teamwork,28
Cadet 14322,Ruby Bruce,combat,13
Cadet 14321,John Donaldson,intelligence,66
Cadet 14060,Regena Garcia,intelligence,52
Cadet 14270,Susanne Rosecrans,intelligence,54
Cadet 14160,Louise Smith,maneuvering,65
Cadet 14112,Martha Jones,teamwork,62
Cadet 14492,Leroy Hilliard,combat,56
Cadet 14117,Donald Crossen,teamwork,18
Cadet 13837,Tena Valentine,combat,50
Cadet 13866,Linda Le,teamwork,89
Cadet 14334,Raphael Taylor,teamwork,79
Cadet 14492,Leroy Hilliard,intelligence,14
Cadet 14282,Anita Myers,maneuvering,76
Cadet 14381,Linda May,intelligence,42
Cadet 13945,David Green,combat,40
Cadet 14294,Angela Morton,combat,33
Cadet 14463,Nancy Jackson,intelligence,70
Cadet 13803,Dawn Shaver,combat,14
Cadet 13788,Adam Garland,intelligence,85
Cadet 14151,Stephen Tasson,intelligence,57
Cadet 13829,Kristine Carbone,combat,87
Cadet 13819,Gwendolyn Trotter,teamwork,81
Cadet 14313,Thelma Popken,maneuvering,86
Cadet 14223,Kathern Carman,teamwork,50
Cadet 14352,Craig Martin,teamwork,60
Cadet 14390,Edward Hayes,maneuvering,34
Cadet 14012,Linda Nelms,intelligence,79
Cadet 14328,Mary Stock,maneuvering,47
Cadet 14212,Linda Collins,combat,60
Cadet 14248,Terri Hutcherson,combat,69
Cadet 13908,Sarah Parker,teamwork,25
Cadet 14248,Terri Hutcherson,intelligence,32
Cadet 13908,Sarah Parker,maneuvering,23
Cadet 14035,Brandon Cannon,teamwork,62
Cadet 13829,Kristine Carbone,teamwork,46
Cadet 14326,Rita Flores,intelligence,74
Cadet 14151,Stephen Tasson,maneuvering,68
Cadet 14305,Bettye Shirley,combat,47
Cadet 13974,Ashley Kirby,intelligence,91
Cadet 14429,Timothy Fox,teamwork,10
Cadet 14206,Faviola Balson,combat,68
Cadet 13783,Travis Meissner,combat,25
Cadet 14344,Martin Givens,maneuvering,51
Cadet 14189,Agnes Mcdonnell,teamwork,52
Cadet 14460,Esther Edwards,combat,28
Cadet 14377,Connie Coleman,maneuvering,38
Cadet 14207,Charles White,intelligence,87
Cadet 14499,Arthur Shoffner,intelligence,46
Cadet 14008,Linda Hebert,teamwork,26
Cadet 13940,Amanda Crenshaw,teamwork,81
Cadet 14268,Alfredo Brooks,teamwork,12
Cadet 13900,Steve Thurman,teamwork,12
Cadet 14296,Nannette Anderson,combat,41
Cadet 14108,Barbara Garza,teamwork,82
Cadet 13858,Buddy Thomas,teamwork,89
Cadet 14360,Raymond Malady,intelligence,78
Cadet 14012,Linda Nelms,combat,72
Cadet 14278,Daniel Wright,combat,10
Cadet 14381,Linda May,combat,74
Cadet 14157,Ashley Nelson,maneuvering,72
Cadet 14315,Elena Briseno,maneuvering,49
Cadet 13998,Edward Saenz,intelligence,92
Cadet 14218,Kelly Johnson,teamwork,78
Cadet 14063,Vincent Gilstad,teamwork,26
Cadet 14112,Martha Jones,intelligence,38
Cadet 14179,William Woo,teamwork,55
Cadet 14384,Lois Loch,maneuvering,21
Cadet 14170,Tara Carmack,teamwork,17
Cadet 14040,Brian Baker,teamwork,99
Cadet 13833,Hilda Simmons,intelligence,56
Cadet 13859,Ashley Marti,combat,46
Cadet 14475,Melvin Mayher,teamwork,49
Cadet 14068,Hunter Moreno,intelligence,99
Cadet 14125,Joe Morales,combat,38
Cadet 14254,Bryan Hage,teamwork,13
Cadet 14188,David Luce,teamwork,56
Cadet 13820,Charles Lowe,intelligence,30
Cadet 14238,Elizabeth Moore,intelligence,89
Cadet 14116,Joyce Sane,maneuvering,18
Cadet 14435,Mark Savage,combat,43
Cadet 14032,Carrie Robbins,teamwork,77
Cadet 13937,Mary Sikorski,combat,31
Cadet 13787,Janet Segars,intelligence,31
Cadet 14001,Zachary Petersen,teamwork,38
Cadet 13787,Janet Segars,combat,50
Cadet 14105,James Gonzalez,combat,15
Cadet 14109,Kathe Sandling,combat,18
Cadet 13968,Joseph Parks,teamwork,57
Cadet 13963,Samuel Smith,maneuvering,73
Cadet 14142,Abraham Richards,combat,60
Cadet 14162,Andra Rambo,teamwork,16
Cadet 14418,Emma Rodgers,intelligence,39
Cadet 14452,Kimberly Cordell,maneuvering,88
Cadet 13931,Evelyn Poirier,combat,70
Cadet 14168,Lenard Dake,combat,50
Cadet 14305,Bettye Shirley,maneuvering,75
Cadet 14417,William Henley,intelligence,58
Cadet 14220,John Hanson,combat,12
Cadet 14473,Elizabeth Corona,teamwork,32
Cadet 14107,Jane Pierce,combat,39
Cadet 14421,Gregg Baxter,teamwork,56
Cadet 13827,Barbara Smith,maneuvering,56
Cadet 14077,Eleanore Morse,maneuvering,54
Cadet 14434,Andrew Camp,intelligence,75
Cadet 14467,Anthony Budde,teamwork,58
Cadet 14059,Roberta Lucas,teamwork,50
Cadet 14445,Tori Fletcher,maneuvering,33
Cadet 13837,Tena Valentine,intelligence,23
Cadet 13863,James Cerda,maneuvering,16
Cadet 14328,Mary Stock,intelligence,46
Cadet 13870,Leah Crary,intelligence,80
Cadet 13979,Joshua Majors,teamwork,89
Cadet 14262,Clara Kuhl,combat,13
Cadet 14055,Linda Browne,teamwork,95
Cadet 14067,Ruth Green,combat,11
Cadet 14267,James Hall,maneuvering,32
Cadet 14175,Christina Arroyo,combat,95
Cadet 13849,Michael Wofford,combat,69
Cadet 13867,Anna Mcwhorter,teamwork,78
Cadet 14247,Jeffrey Pushard,maneuvering,51
Cadet 14417,William Henley,combat,98
Cadet 14080,Cheryl Ramirez,intelligence,76
Cadet 14197,John Carr,combat,18
Cadet 13790,Chadwick Leuthold,intelligence,25
Cadet 14334,Raphael Taylor,maneuvering,11
Cadet 14175,Christina Arroyo,intelligence,17
Cadet 14238,Elizabeth Moore,combat,52
Cadet 14475,Melvin Mayher,combat,40
Cadet 13808,Sarah Engle,intelligence,19
Cadet 14045,John Glidewell,teamwork,50
Cadet 14056,Shirley Chase,intelligence,75
Cadet 14043,Argelia Carrico,intelligence,64
Cadet 14393,George Clark,combat,10
Cadet 14424,Sarah Diaz,intelligence,60
Cadet 14272,Millicent Wilbon,teamwork,71
Cadet 13904,Lynn Reese,combat,61
Cadet 14472,Frances South,teamwork,86
Cadet 14395,Ammie Bertalan,maneuvering,55
Cadet 14399,Victoria Patterson,intelligence,55
Cadet 13787,Janet Segars,teamwork,82
Cadet 14159,Sherri Adler,maneuvering,47
Cadet 13793,Daniel Amari,maneuvering,10
Cadet 14497,Gregory Gibson,intelligence,10
Cadet 14390,Edward Hayes,intelligence,29
Cadet 14219,Jackie Meredith,maneuvering,49
Cadet 14395,Ammie Bertalan,intelligence,15
Cadet 14059,Roberta Lucas,maneuvering,10
Cadet 14244,Keith Paddock,combat,19
Cadet 14401,Christopher Grondin,maneuvering,20
Cadet 13852,Beverly Wilson,teamwork,86
Cadet 14488,Mary Mack,combat,51
Cadet 13898,William Martin,teamwork,41
Cadet 13968,Joseph Parks,intelligence,20
Cadet 14247,Jeffrey Pushard,combat,17
Cadet 14461,Scott Gamez,maneuvering,22
Cadet 14129,Carol Brasher,teamwork,43
Cadet 14461,Scott Gamez,combat,98
Cadet 14268,Alfredo Brooks,maneuvering,42
Cadet 14205,Tyler Johnson,maneuvering,51
Cadet 14233,James Williams,combat,74
Cadet 14019,Dana Bruno,combat,98
Cadet 13918,Ryan Mitchell,intelligence,96
Cadet 14248,Terri Hutcherson,maneuvering,27
Cadet 14245,Wilma Knowles,maneuvering,24
Cadet 14221,Dale Winston,maneuvering,56
Cadet 14413,Gary Merkerson,maneuvering,78
Cadet 14285,William Sapp,intelligence,58
Cadet 14101,Jerry Weber,teamwork,45
Cadet 13922,Michael Weber,maneuvering,53
Cadet 14253,Ellis Jansen,intelligence,52
Cadet 13980,Roger Parsons,maneuvering,95
Cadet 14287,Phillip Dowd,combat,87
Cadet 13806,Steve Pulliam,teamwork,86
Cadet 13926,Deshawn Holloway,intelligence,70
Cadet 13839,Louise Godfrey,intelligence,81
Cadet 14059,Roberta Lucas,intelligence,37
Cadet 14150,Helga Bryan,maneuvering,75
Cadet 13962,Charles Thomas,combat,47
Cadet 14342,Ivan Rice,intelligence,41
Cadet 14203,Todd Coleman,intelligence,21
Cadet 14134,Helen Metz,combat,82
Cadet 13797,Francis Oland,maneuvering,44
Cadet 14020,Kyle Randall,combat,93
Cadet 14125,Joe Morales,teamwork,83
Cadet 14350,Edward Schmidt,intelligence,10
Cadet 14305,Bettye Shirley,teamwork,18
Cadet 14035,Brandon Cannon,maneuvering,15
Cadet 14300,Silvana Rawling,combat,61
Cadet 14001,Zachary Petersen,combat,67
Cadet 14488,Mary Mack,maneuvering,17
Cadet 13918,Ryan Mitchell,combat,74
Cadet 14327,Virginia Blackburn,intelligence,98
Cadet 13936,Stephanie Whigham,teamwork,89
Cadet 14160,Louise Smith,intelligence,90
Cadet 14347,Lynn Deep,teamwork,38
Cadet 13921,Andrea Camacho,teamwork,44
Cadet 14476,Ruth Austin,combat,44
Cadet 14159,Sherri Adler,intelligence,48
Cadet 14429,Timothy Fox,intelligence,91
Cadet 14308,Frank Yard,teamwork,10
Cadet 14388,Christine Weddington,maneuvering,50
Cadet 13923,Jeremy Schwartz,maneuvering,20
Cadet 14002,Barbara Harrelson,maneuvering,41
Cadet 13797,Francis Oland,intelligence,94
Cadet 14068,Hunter Moreno,teamwork,72
Cadet 13926,Deshawn Holloway,maneuvering,87
Cadet 13979,Joshua Majors,combat,58
Cadet 13901,Jaime Marcum,combat,98
Cadet 14370,James Delarosa,maneuvering,95
Cadet 13995,Thomas Sanches,maneuvering,51
Cadet 14334,Raphael Taylor,combat,26
Cadet 14162,Andra Rambo,maneuvering,17
Cadet 14455,Brian Bejar,maneuvering,45
Cadet 13906,Staci Alexandre,teamwork,28
Cadet 14431,Jane Campbell,intelligence,34
Cadet 13836,Justine Rodrigues,maneuvering,73
Cadet 14219,Jackie Meredith,intelligence,22
Cadet 14256,Jamie Middleton,intelligence,77
Cadet 14192,Charity Woods,teamwork,28
Cadet 13865,Troy Cass,combat,70
Cadet 14468,Donna Dodimead,teamwork,58
Cadet 13786,Paula Clark,maneuvering,97
Cadet 14373,John Sweeney,intelligence,49
Cadet 14497,Gregory Gibson,teamwork,22
Cadet 14434,Andrew Camp,combat,28
Cadet 13956,Clarence Chu,teamwork,56
Cadet 14287,Phillip Dowd,maneuvering,22
Cadet 14254,Bryan Hage,intelligence,46
Cadet 14240,Denise Mohr,combat,36
Cadet 13958,Monique Desroches,maneuvering,28
Cadet 14064,Frank Smallwood,combat,74
Cadet 14077,Eleanore Morse,intelligence,73
Cadet 13919,Edward Emerick,intelligence,50
Cadet 13824,Shirley Carlstrom,intelligence,70
Cadet 14395,Ammie Bertalan,teamwork,86
Cadet 14058,Tracy Lamm,combat,25
Cadet 14315,Elena Briseno,combat,12
Cadet 14485,Kathleen Slagle,intelligence,73
Cadet 14349,Donald Gilligan,intelligence,59
Cadet 13898,William Martin,combat,55
Cadet 13894,Alma Kramer,combat,92
Cadet 13847,Gary Ward,teamwork,13
Cadet 14142,Abraham Richards,teamwork,54
Cadet 13802,Nellie Pearson,combat,85
Cadet 14268,Alfredo Brooks,combat,57
Cadet 14241,Frances Knowlton,teamwork,20
Cadet 14106,Paul Payne,combat,74
Cadet 14178,Mary Martinez,teamwork,76
Cadet 14394,Tony Luckett,maneuvering,63
Cadet 14089,Jame Baumgarter,teamwork,12
Cadet 14160,Louise Smith,combat,62
Cadet 14270,Susanne Rosecrans,combat,26
Cadet 14344,Martin Givens,combat,37
Cadet 14460,Esther Edwards,maneuvering,69
Cadet 14256,Jamie Middleton,combat,49
Cadet 14236,Lily Ortega,combat,96
Cadet 14456,George Yates,teamwork,11
Cadet 14474,Alexander Windish,teamwork,59
Cadet 14301,Martha Turner,combat,56
Cadet 14274,Sheila Sanchez,combat,57
Cadet 14360,Raymond Malady,maneuvering,57
Cadet 13815,Sondra Blais,maneuvering,29
Cadet 13934,Candelaria Bara,maneuvering,53
Cadet 13965,Tracy Willis,maneuvering,83
Cadet 13900,Steve Thurman,maneuvering,73
Cadet 13792,Hazel Donahoo,combat,95
Cadet 14210,Elsa Bishop,intelligence,93
Cadet 14179,William Woo,combat,29
Cadet 14413,Gary Merkerson,intelligence,37
Cadet 13808,Sarah Engle,combat,88
Cadet 14410,Arlene Hernandez,combat,13
Cadet 13950,Joseph Sipple,intelligence,99
Cadet 14460,Esther Edwards,intelligence,90
Cadet 14154,Antionette Mesiti,combat,67
Cadet 14020,Kyle Randall,teamwork,45
Cadet 14247,Jeffrey Pushard,intelligence,40
Cadet 14470,Joseph Albus,teamwork,39
Cadet 14069,Wendy Washing,maneuvering,47
Cadet 14335,Shirley Davies,teamwork,64
Cadet 14022,Isaiah Wathen,combat,84
Cadet 14269,Barbara Zacharias,teamwork,87
Cadet 14189,Agnes Mcdonnell,combat,53
Cadet 14279,Mark Mehtani,intelligence,37
Cadet 14146,Angela Melendez,combat,85
Cadet 13949,Daria Fechner,intelligence,13
Cadet 14440,Diana Young,teamwork,41
Cadet 14259,Beverly Hulbert,combat,10
Cadet 14499,Arthur Shoffner,teamwork,25
Cadet 14467,Anthony Budde,combat,25
Cadet 14019,Dana Bruno,teamwork,43
Cadet 13924,Juan Golden,maneuvering,19
Cadet 13800,William Andrews,intelligence,58
Cadet 14425,Mary King,combat,58
Cadet 14139,Rich Naylor,maneuvering,11
Cadet 14434,Andrew Camp,teamwork,43
Cadet 14253,Ellis Jansen,teamwork,39
Cadet 14458,Asia Zamora,teamwork,29
Cadet 13919,Edward Emerick,combat,33
Cadet 13926,Deshawn Holloway,combat,25
Cadet 14425,Mary King,maneuvering,99
Cadet 14032,Carrie Robbins,intelligence,84
Cadet 13874,Eric Bell,combat,17
Cadet 14218,Kelly Johnson,maneuvering,27
Cadet 14339,Rebekah Sharp,maneuvering,33
Cadet 14065,Ronnie Chism,maneuvering,32
Cadet 14293,Debra Silverstein,maneuvering,36
Cadet 13933,Michael Mooney,teamwork,55
Cadet 14107,Jane Pierce,intelligence,79
Cadet 14011,Jay Underwood,maneuvering,100
Cadet 14499,Arthur Shoffner,maneuvering,40
Cadet 14063,Vincent Gilstad,intelligence,14
Cadet 13883,Vincent Risher,combat,17
Cadet 14220,John Hanson,teamwork,42
Cadet 13858,Buddy Thomas,combat,62
Cadet 13881,Luba Kissler,maneuvering,67
Cadet 13900,Steve Thurman,intelligence,47
Cadet 14123,Lana Gessel,combat,53
Cadet 14319,Cynthia Davidson,intelligence,14
Cadet 13803,Dawn Shaver,teamwork,59
Cadet 13783,Travis Meissner,intelligence,27
Cadet 14274,Sheila Sanchez,maneuvering,70
Cadet 14146,Angela Melendez,teamwork,100
Cadet 14210,Elsa Bishop,maneuvering,28
Cadet 13995,Thomas Sanches,combat,22
Cadet 14206,Faviola Balson,maneuvering,89
Cadet 14052,Pamela Turcotte,maneuvering,28
Cadet 14157,Ashley Nelson,combat,74
Cadet 14149,Nicole Craft,teamwork,70
Cadet 14419,Erica Bila,intelligence,83
Cadet 13832,Irene Becerra,intelligence,17
Cadet 14003,Nerissa Landry,intelligence,63
Cadet 14461,Scott Gamez,teamwork,97
Cadet 14070,Douglas Cantrell,intelligence,49
Cadet 13863,James Cerda,intelligence,82
Cadet 14242,Lauren Hicks,intelligence,47
Cadet 14409,Roberta Elliott,intelligence,84
Cadet 14206,Faviola Balson,intelligence,60
Cadet 14326,Rita Flores,teamwork,49
Cadet 14430,Clara Kennedy,maneuvering,19
Cadet 14389,Mary Thompson,intelligence,50
Cadet 14104,Christine Mercure,teamwork,77
Cadet 14349,Donald Gilligan,maneuvering,62
Cadet 13974,Ashley Kirby,maneuvering,40
Cadet 13904,Lynn Reese,maneuvering,97
Cadet 13855,Kathy Garner,combat,92
Cadet 14473,Elizabeth Corona,combat,45
Cadet 13966,Betty Schroeder,combat,68
Cadet 14168,Lenard Dake,intelligence,25
Cadet 14076,Irma Prescott,intelligence,80
Cadet 13790,Chadwick Leuthold,combat,57
Cadet 13891,Robert Steiner,maneuvering,81
Cadet 14233,James Williams,intelligence,22
Cadet 13976,June Wibbens,intelligence,79
Cadet 14353,Madge Landers,intelligence,44
Cadet 14451,George Ripley,maneuvering,64
Cadet 13861,Traci Gouty,intelligence,79
Cadet 14440,Diana Young,maneuvering,64
Cadet 13797,Francis Oland,combat,89
Cadet 14040,Brian Baker,maneuvering,93
Cadet 13867,Anna Mcwhorter,intelligence,58
Cadet 14499,Arthur Shoffner,combat,11
Cadet 14214,Ramon Buser,combat,69
Cadet 14419,Erica Bila,combat,13
Cadet 14389,Mary Thompson,maneuvering,35
Cadet 14473,Elizabeth Corona,intelligence,82
Cadet 14101,Jerry Weber,intelligence,89
Cadet 13970,Sylvia Rouse,maneuvering,19
Cadet 14321,John Donaldson,combat,11
Cadet 14149,Nicole Craft,maneuvering,42
Cadet 13816,Susan Willsey,combat,46
Cadet 14324,Gloria Mueller,maneuvering,64
Cadet 14145,Mary Kryst,combat,97
Cadet 13824,Shirley Carlstrom,teamwork,78
Cadet 13920,Thomas Wilks,intelligence,63
Cadet 14412,Vicki Rublee,maneuvering,72
Cadet 14297,Charles Bell,combat,23
Cadet 14425,Mary King,teamwork,10
Cadet 13780,Brandi Robinson,teamwork,96
Cadet 14180,Estella Meier,teamwork,10
Cadet 13902,Jennifer Olson,combat,33
Cadet 14059,Roberta Lucas,combat,98
Cadet 14356,Rodney Crow,maneuvering,84
Cadet 14170,Tara Carmack,intelligence,99
Cadet 14205,Tyler Johnson,intelligence,15
Cadet 14198,Dianne Handley,teamwork,52
Cadet 14387,Michael Setters,combat,13
Cadet 14075,Joseph Phares,teamwork,64
Cadet 13795,Roger Atkins,combat,52
Cadet 14241,Frances Knowlton,intelligence,64
Cadet 14294,Angela Morton,maneuvering,76
Cadet 14078,Walter Londono,maneuvering,89
Cadet 14252,Hazel Berger,teamwork,29
Cadet 13909,Linda Carter,intelligence,15
Cadet 13802,Nellie Pearson,teamwork,48
Cadet 14221,Dale Winston,combat,69
Cadet 13947,Arnold Lampkin,maneuvering,26
Cadet 14104,Christine Mercure,maneuvering,28
Cadet 14116,Joyce Sane,combat,35
Cadet 14431,Jane Campbell,maneuvering,36
Cadet 14329,Lavon Dickinson,combat,83
Cadet 13922,Michael Weber,intelligence,85
Cadet 14036,Christine Flamer,combat,97
Cadet 13953,Natalia Sandlin,intelligence,72
Cadet 14011,Jay Underwood,combat,14
Cadet 14245,Wilma Knowles,teamwork,95
Cadet 14373,John Sweeney,combat,51
Cadet 14228,Alba Beatty,combat,45
Cadet 14281,Aja Butler,teamwork,54
Cadet 14257,Timothy Andrew,intelligence,39
Cadet 13908,Sarah Parker,combat,67
Cadet 14198,Dianne Handley,intelligence,58
Cadet 14296,Nannette Anderson,maneuvering,15
Cadet 13776,Melinda Starr,intelligence,61
Cadet 14047,Donald Pitcher,teamwork,50
Cadet 14399,Victoria Patterson,maneuvering,45
Cadet 13952,Ray Reyes,intelligence,88
Cadet 14169,Lila Mayfield,maneuvering,62
Cadet 13835,Robert Walker,combat,44
Cadet 13964,Francisco Demars,intelligence,34
Cadet 14399,Victoria Patterson,combat,62
Cadet 14124,Wayne Huffman,combat,52
Cadet 14036,Christine Flamer,intelligence,25
Cadet 14435,Mark Savage,intelligence,24
Cadet 14052,Pamela Turcotte,intelligence,94
Cadet 14225,Loren Scherr,maneuvering,89
Cadet 14125,Joe Morales,intelligence,64
Cadet 14346,Joyce Pflug,maneuvering,19
Cadet 13979,Joshua Majors,intelligence,63
Cadet 14462,Noel Chaplin,maneuvering,74
Cadet 14424,Sarah Diaz,maneuvering,97
Cadet 14278,Daniel Wright,teamwork,86
Cadet 14051,Margaret Farkas,intelligence,71
Cadet 14479,Amy Kerr,intelligence,61
Cadet 14338,Mary Tockey,teamwork,63
Cadet 13933,Michael Mooney,maneuvering,63
Cadet 13909,Linda Carter,maneuvering,86
Cadet 13978,Paul Hinds,combat,70
Cadet 14321,John Donaldson,teamwork,35
Cadet 13932,Douglas Haynes,maneuvering,80
Cadet 14356,Rodney Crow,intelligence,16
Cadet 13836,Justine Rodrigues,teamwork,53
Cadet 14117,Donald Crossen,maneuvering,93
Cadet 14236,Lily Ortega,maneuvering,57
Cadet 13800,William Andrews,teamwork,46
Cadet 14394,Tony Luckett,combat,90
Cadet 13954,Adena Hatfield,teamwork,59
Cadet 14155,Sharon Clevenger,intelligence,61
Cadet 14206,Faviola Balson,teamwork,37
Cadet 14074,Regina Kemp,combat,58
Cadet 14309,Maria Long,combat,10
Cadet 14243,Maria Kaufman,maneuvering,41
Cadet 14495,Edgar Franco,intelligence,66
Cadet 13882,Joseph Pipkins,maneuvering,10
Cadet 14224,William Prioletti,combat,89
Cadet 14477,Troy Noya,maneuvering,98
Cadet 14412,Vicki Rublee,intelligence,99
Cadet 13888,Maria Thurston,teamwork,10
Cadet 13833,Hilda Simmons,combat,95
Cadet 14170,Tara Carmack,combat,77
Cadet 14135,Courtney Moldenhauer,intelligence,98
Cadet 14051,Margaret Farkas,combat,30
Cadet 14103,James Little,intelligence,76
Cadet 14027,Tammera Edwards,combat,40
Cadet 14201,Joseph Fernberg,teamwork,60
Cadet 13863,James Cerda,teamwork,49
Cadet 13961,Carl Boyers,teamwork,45
Cadet 14146,Angela Melendez,intelligence,34
Cadet 13859,Ashley Marti,teamwork,91
Cadet 14352,Craig Martin,combat,43
Cadet 14463,Nancy Jackson,maneuvering,78
Cadet 14006,Annette Lackey,combat,46
Cadet 14019,Dana Bruno,intelligence,77
Cadet 14471,Mary Melroy,maneuvering,23
Cadet 14309,Maria Long,intelligence,89
Cadet 14321,John Donaldson,maneuvering,80
Cadet 14139,Rich Naylor,intelligence,31
Cadet 14205,Tyler Johnson,teamwork,20
Cadet 14201,Joseph Fernberg,maneuvering,83
Cadet 14249,Robin Macias,combat,70
Cadet 14282,Anita Myers,teamwork,27
Cadet 13950,Joseph Sipple,teamwork,75
Cadet 14172,Nora Madaras,maneuvering,78
Cadet 14418,Emma Rodgers,teamwork,100
Cadet 14178,Mary Martinez,maneuvering,73
Cadet 14306,Ella Flesher,maneuvering,82
Cadet 14388,Christine Weddington,combat,72
Cadet 14449,Nellie Atkins,maneuvering,74
Cadet 14301,Martha Turner,maneuvering,32
Cadet 14192,Charity Woods,maneuvering,14
Cadet 14124,Wayne Huffman,maneuvering,90
Cadet 14209,Michael Rowley,maneuvering,13
Cadet 13982,William Lacroix,combat,19
Cadet 14048,Lonnie Pittman,teamwork,29
Cadet 14164,Harry Carter,intelligence,70
Cadet 14336,Roger Beckham,combat,92
Cadet 14318,Kelly Fitts,combat,36
Cadet 14011,Jay Underwood,intelligence,77
Cadet 14042,David Snyder,intelligence,67
Cadet 14293,Debra Silverstein,combat,24
Cadet 14294,Angela Morton,intelligence,86
Cadet 14392,Jacquelyn Rue,teamwork,94
Cadet 13817,Shelby Tippin,intelligence,27
Cadet 14058,Tracy Lamm,maneuvering,82
Cadet 13977,Darron Ortiz,intelligence,100
Cadet 14220,John Hanson,intelligence,91
Cadet 14082,Paul Castillo,teamwork,79
Cadet 14079,Emilia Kahrs,combat,70
Cadet 14158,Alice Bledsaw,intelligence,51
Cadet 14049,Leonard Keel,teamwork,51
Cadet 14472,Frances South,maneuvering,74
Cadet 13930,Adam Bentz,teamwork,60
Cadet 14174,Otis Donaldson,combat,75
Cadet 13788,Adam Garland,teamwork,53
Cadet 14096,Patricia Smitley,intelligence,29
Cadet 14242,Lauren Hicks,teamwork,78
Cadet 13932,Douglas Haynes,intelligence,50
Cadet 14002,Barbara Harrelson,combat,32
Cadet 14055,Linda Browne,intelligence,29
Cadet 13939,Dedra Costello,maneuvering,15
Cadet 13849,Michael Wofford,teamwork,10
Cadet 14415,Teresa Wolfe,intelligence,36
Cadet 14071,Joshua Goods,combat,33
Cadet 14221,Dale Winston,teamwork,11
Cadet 14207,Charles White,teamwork,55
Cadet 14333,Mauro Hunt,teamwork,82
Cadet 13804,Jonathan Dyar,combat,28
Cadet 14029,Emma Noble,maneuvering,71
Cadet 14258,Louise Vasquez,combat,79
Cadet 14216,Joy Smalls,combat,79
Cadet 14392,Jacquelyn Rue,intelligence,60
Cadet 13934,Candelaria Bara,combat,39
Cadet 14451,George Ripley,teamwork,98
Cadet 14096,Patricia Smitley,maneuvering,60
Cadet 13940,Amanda Crenshaw,intelligence,67
Cadet 14269,Barbara Zacharias,combat,94
Cadet 14280,Catherine Smith,combat,88
Cadet 14128,Paul Olberding,teamwork,21
Cadet 13896,Mitchel Matson,maneuvering,27
Cadet 13821,Hazel Cass,teamwork,56
Cadet 14450,Wayne Wiggins,combat,41
Cadet 14167,Betty Fields,maneuvering,65
Cadet 14269,Barbara Zacharias,intelligence,99
Cadet 14459,Leslie Dunlap,maneuvering,14
Cadet 14200,Perry Padron,maneuvering,79
Cadet 14401,Christopher Grondin,combat,29
Cadet 14413,Gary Merkerson,combat,29
Cadet 13918,Ryan Mitchell,teamwork,66
Cadet 14077,Eleanore Morse,teamwork,32
Cadet 14286,Charles Jackson,maneuvering,80
Cadet 14033,Beverly Jackson,intelligence,22
Cadet 14207,Charles White,combat,35
Cadet 14211,Terrance Thomas,combat,66
Cadet 13956,Clarence Chu,maneuvering,19
Cadet 14234,India Penland,combat,12
Cadet 13896,Mitchel Matson,combat,66
Cadet 14350,Edward Schmidt,teamwork,68
Cadet 14203,Todd Coleman,maneuvering,48
Cadet 14128,Paul Olberding,intelligence,19
Cadet 14130,Paul Santos,teamwork,82
Cadet 14108,Barbara Garza,maneuvering,98
Cadet 14169,Lila Mayfield,teamwork,71
Cadet 13826,Luis Silvey,combat,70
Cadet 14092,Frank Percy,teamwork,19
Cadet 13795,Roger Atkins,intelligence,88
Cadet 14285,William Sapp,teamwork,68
Cadet 14302,Tyra Chan,teamwork,30
Cadet 14420,Alberto Williams,combat,14
Cadet 14429,Timothy Fox,maneuvering,97
Cadet 14363,Jeremiah Krahn,teamwork,82
Cadet 13879,Helen Pardo,teamwork,26
Cadet 14316,Anita Humphrey,intelligence,52
Cadet 14044,Kim Swan,maneuvering,34
Cadet 14072,Reginald Fast,maneuvering,75
Cadet 14281,Aja Butler,intelligence,60
Cadet 13983,Mark Wendt,intelligence,61
Cadet 14164,Harry Carter,maneuvering,24
Cadet 13976,June Wibbens,maneuvering,79
Cadet 14008,Linda Hebert,maneuvering,81
Cadet 14252,Hazel Berger,maneuvering,21
Cadet 14411,Frank Mcintosh,combat,19
Cadet 14020,Kyle Randall,maneuvering,63
Cadet 14210,Elsa Bishop,combat,18
Cadet 13779,Robert Banks,intelligence,55
Cadet 14013,Carolyn Johnson,maneuvering,13
Cadet 14112,Martha Jones,maneuvering,38
Cadet 14117,Donald Crossen,intelligence,65
Cadet 14071,Joshua Goods,maneuvering,32
Cadet 14393,George Clark,teamwork,78
Cadet 13956,Clarence Chu,combat,10
Cadet 13931,Evelyn Poirier,teamwork,29
Cadet 14342,Ivan Rice,maneuvering,23
Cadet 14243,Maria Kaufman,intelligence,74
Cadet 14441,Mary Hoffman,teamwork,54
Cadet 14158,Alice Bledsaw,maneuvering,93
Cadet 14367,Monica Hudson,maneuvering,26
Cadet 13808,Sarah Engle,teamwork,65
Cadet 14270,Susanne Rosecrans,maneuvering,53
Cadet 13933,Michael Mooney,intelligence,51
Cadet 13911,Jerry Adams,combat,16
Cadet 13988,Irene Pliml,teamwork,28
Cadet 14497,Gregory Gibson,combat,37
Cadet 14197,John Carr,teamwork,99
Cadet 14353,Madge Landers,maneuvering,15
Cadet 14172,Nora Madaras,combat,70
Cadet 14251,Lina Hinton,teamwork,22
Cadet 13788,Adam Garland,combat,29
Cadet 14330,Gary Biancardi,maneuvering,39
Cadet 14227,Bradley Baker,intelligence,42
Cadet 13998,Edward Saenz,combat,99
Cadet 14281,Aja Butler,maneuvering,58
Cadet 14479,Amy Kerr,teamwork,41
Cadet 13846,Christopher Reyes,intelligence,50
Cadet 14376,Michael Mayo,maneuvering,28
Cadet 14245,Wilma Knowles,combat,62
Cadet 13955,Derek Hughes,teamwork,90
Cadet 13934,Candelaria Bara,intelligence,51
Cadet 14201,Joseph Fernberg,combat,44
Cadet 14349,Donald Gilligan,combat,67
Cadet 14126,Betty Bordelon,teamwork,83
Cadet 14239,Betty Shelton,teamwork,59
Cadet 14073,Joel Webster,teamwork,34
Cadet 14372,Ezekiel Steed,maneuvering,99
Cadet 14411,Frank Mcintosh,intelligence,69
Cadet 13884,Omar Lynch,teamwork,30
Cadet 14043,Argelia Carrico,maneuvering,72
Cadet 13895,James Lavine,maneuvering,29
Cadet 14129,Carol Brasher,combat,17
Cadet 14282,Anita Myers,combat,43
Cadet 14031,Juanita Michel,intelligence,20
Cadet 14335,Shirley Davies,intelligence,50
Cadet 13806,Steve Pulliam,combat,73
Cadet 13991,Horace Hooker,combat,24
Cadet 13777,Carol Williams,maneuvering,84
Cadet 13817,Shelby Tippin,maneuvering,65
Cadet 13867,Anna Mcwhorter,maneuvering,27
Cadet 13792,Hazel Donahoo,intelligence,86
Cadet 13847,Gary Ward,intelligence,10
Cadet 14347,Lynn Deep,maneuvering,22
Cadet 14337,Jorge Phillips,combat,89
Cadet 14373,John Sweeney,teamwork,51
Cadet 14470,Joseph Albus,combat,33
Cadet 14495,Edgar Franco,teamwork,26
Cadet 13931,Evelyn Poirier,maneuvering,52
Cadet 13804,Jonathan Dyar,teamwork,14
Cadet 14395,Ammie Bertalan,combat,69
Cadet 14240,Denise Mohr,teamwork,60
Cadet 14459,Leslie Dunlap,teamwork,74
Cadet 13889,Larry Colella,teamwork,20
Cadet 13966,Betty Schroeder,teamwork,15
Cadet 13980,Roger Parsons,combat,75
Cadet 14145,Mary Kryst,intelligence,67
Cadet 13881,Luba Kissler,teamwork,17
Cadet 13976,June Wibbens,combat,19
Cadet 14313,Thelma Popken,intelligence,61
Cadet 14050,Bradley Wise,teamwork,66
Cadet 14359,Mary Harris,intelligence,88
Cadet 14012,Linda Nelms,teamwork,65
Cadet 14415,Teresa Wolfe,maneuvering,56
Cadet 14411,Frank Mcintosh,teamwork,50
Cadet 13851,Sherman Mckenna,maneuvering,18
Cadet 14106,Paul Payne,maneuvering,24
Cadet 14328,Mary Stock,combat,67
Cadet 13961,Carl Boyers,maneuvering,84
Cadet 14169,Lila Mayfield,combat,47
Cadet 14214,Ramon Buser,teamwork,100
Cadet 14161,Jody Kruse,intelligence,35
Cadet 14234,India Penland,maneuvering,82
Cadet 14352,Craig Martin,maneuvering,77
Cadet 14162,Andra Rambo,combat,42
Cadet 13903,Nilda Lew,maneuvering,12
Cadet 14087,Harold Dayton,combat,27
Cadet 13877,Pat Hallberg,teamwork,72
Cadet 14079,Emilia Kahrs,teamwork,74
Cadet 13841,Michael Campagna,teamwork,59
Cadet 14048,Lonnie Pittman,intelligence,42
Cadet 14278,Daniel Wright,intelligence,60
Cadet 13866,Linda Le,maneuvering,39
Cadet 13779,Robert Banks,combat,90
Cadet 14060,Regena Garcia,combat,55
Cadet 14231,Genevieve Smith,maneuvering,55
Cadet 14258,Louise Vasquez,intelligence,23
Cadet 13865,Troy Cass,intelligence,74
Cadet 14048,Lonnie Pittman,combat,18
Cadet 14486,James Renteria,combat,40
Cadet 14135,Courtney Moldenhauer,combat,90
Cadet 14322,Ruby Bruce,intelligence,45
Cadet 14209,Michael Rowley,combat,64
Cadet 14198,Dianne Handley,maneuvering,21
Cadet 14189,Agnes Mcdonnell,intelligence,22
Cadet 14274,Sheila Sanchez,intelligence,76
Cadet 13935,Matthew Chenault,teamwork,51
Cadet 13856,Louis Gilbert,intelligence,21
Cadet 13879,Helen Pardo,maneuvering,79
Cadet 13923,Jeremy Schwartz,teamwork,21
Cadet 13988,Irene Pliml,maneuvering,53
Cadet 14359,Mary Harris,combat,43
Cadet 14292,Jon Sparks,maneuvering,85
Cadet 13992,Richard Gray,combat,48
Cadet 14043,Argelia Carrico,combat,35
Cadet 13977,Darron Ortiz,maneuvering,98
Cadet 14218,Kelly Johnson,combat,71
Cadet 13924,Juan Golden,combat,54
Cadet 13991,Horace Hooker,teamwork,59
Cadet 14167,Betty Fields,combat,19
Cadet 14005,Betty Brackett,combat,24
Cadet 13858,Buddy Thomas,maneuvering,93
Cadet 14031,Juanita Michel,combat,80
Cadet 13806,Steve Pulliam,maneuvering,79
Cadet 13914,Teresa Mandel,intelligence,26
Cadet 14393,George Clark,intelligence,54
Cadet 14231,Genevieve Smith,combat,15
Cadet 13920,Thomas Wilks,combat,10
Cadet 13819,Gwendolyn Trotter,intelligence,67
Cadet 14317,Stefania Rhodes,maneuvering,56
Cadet 14186,John Stutler,maneuvering,11
Cadet 13846,Christopher Reyes,maneuvering,21
Cadet 13786,Paula Clark,teamwork,32
Cadet 14246,Maria Rusch,maneuvering,49
Cadet 14424,Sarah Diaz,combat,11
Cadet 14305,Bettye Shirley,intelligence,31
Cadet 14370,James Delarosa,combat,27
Cadet 14239,Betty Shelton,maneuvering,35
Cadet 13871,Janet Murphy,teamwork,67
Cadet 13989,Christine Parson,teamwork,16
Cadet 14087,Harold Dayton,teamwork,85
Cadet 14342,Ivan Rice,teamwork,29
Cadet 14180,Estella Meier,maneuvering,53
Cadet 14450,Wayne Wiggins,maneuvering,34
Cadet 14469,Jason Williams,teamwork,53
Cadet 14216,Joy Smalls,intelligence,71
Cadet 13898,William Martin,intelligence,42
Cadet 13838,Rebecca Helms,maneuvering,96
Cadet 13833,Hilda Simmons,maneuvering,86
Cadet 13856,Louis Gilbert,teamwork,81
Cadet 13870,Leah Crary,maneuvering,51
Cadet 13793,Daniel Amari,teamwork,95
Cadet 13780,Brandi Robinson,combat,31
Cadet 14201,Joseph Fernberg,intelligence,14
Cadet 13981,Sarah Darrin,intelligence,89
Cadet 13816,Susan Willsey,intelligence,32
Cadet 14366,Shirley Turner,teamwork,73
Cadet 14402,Joshua Hudson,maneuvering,53
Cadet 14177,Shirley Stansberry,combat,39
Cadet 13944,Emma Palmo,combat,67
Cadet 14070,Douglas Cantrell,teamwork,20
Cadet 14180,Estella Meier,intelligence,99
Cadet 14330,Gary Biancardi,intelligence,92
Cadet 13880,Robert Guzman,teamwork,87
Cadet 14249,Robin Macias,intelligence,32
Cadet 14252,Hazel Berger,intelligence,96
Cadet 14082,Paul Castillo,intelligence,93
